-- phpMyAdmin SQL Dump
-- version 4.8.2
-- https://www.phpmyadmin.net/
--
-- Host: localhost:8889
-- Generation Time: Sep 18, 2018 at 05:08 PM
-- Server version: 5.7.21
-- PHP Version: 5.6.33

SET SQL_MODE = "NO_AUTO_VALUE_ON_ZERO";
SET time_zone = "+00:00";

--
-- Database: `NGODatabase`
--

-- --------------------------------------------------------

--
-- Table structure for table `blog`
--

CREATE TABLE `blog` (
  `blog_id` bigint(20) UNSIGNED NOT NULL,
  `title` varchar(1000) NOT NULL,
  `url_slug` varchar(2000) NOT NULL,
  `description` blob NOT NULL,
  `image` varchar(100) DEFAULT NULL,
  `date_created` datetime NOT NULL,
  `date_updated` datetime NOT NULL,
  `status` tinyint(1) NOT NULL DEFAULT '1',
  `deleted` tinyint(1) NOT NULL DEFAULT '0'
) ENGINE=InnoDB DEFAULT CHARSET=utf8;

-- --------------------------------------------------------

--
-- Table structure for table `cms_menu`
--

CREATE TABLE `cms_menu` (
  `menu_id` bigint(20) UNSIGNED NOT NULL,
  `name` varchar(50) CHARACTER SET latin1 NOT NULL,
  `menu_order` bigint(20) UNSIGNED NOT NULL DEFAULT '0',
  `parent_id` bigint(20) UNSIGNED NOT NULL DEFAULT '0',
  `page_id` bigint(20) UNSIGNED DEFAULT NULL,
  `header_menu` tinyint(1) DEFAULT '1',
  `footer_menu` tinyint(1) DEFAULT '0',
  `deleted` tinyint(1) NOT NULL DEFAULT '0',
  `date_created` datetime NOT NULL,
  `date_updated` datetime NOT NULL
) ENGINE=InnoDB DEFAULT CHARSET=utf8;

--
-- Dumping data for table `cms_menu`
--

INSERT INTO `cms_menu` (`menu_id`, `name`, `menu_order`, `parent_id`, `page_id`, `header_menu`, `footer_menu`, `deleted`, `date_created`, `date_updated`) VALUES
(1, 'test1', 0, 0, 1, 1, 1, 1, '2015-10-05 00:00:00', '2015-10-05 00:00:00'),
(2, 'test2', 0, 0, 3, 1, 1, 1, '2015-10-05 00:00:00', '2015-10-05 00:00:00'),
(3, 'adsd', 0, 0, 3, 1, 1, 1, '2015-10-05 00:00:00', '2015-10-05 00:00:00'),
(4, 'test2', 0, 0, 3, 1, 1, 1, '2015-10-05 00:00:00', '2015-10-05 00:00:00'),
(5, 'asdasdas', 0, 0, 1, 1, 1, 1, '2015-10-05 00:00:00', '2015-10-05 00:00:00'),
(6, 'test23', 0, 0, 3, 1, 1, 1, '2015-10-05 00:00:00', '2015-10-05 00:00:00'),
(7, 'test34', 0, 0, 1, 1, 1, 1, '2015-10-05 00:00:00', '2015-10-05 00:00:00'),
(8, 'test34', 0, 0, 1, 1, 1, 1, '2015-10-05 00:00:00', '2015-10-05 00:00:00'),
(9, 'Home', 2, 0, 1, 0, 0, 1, '2015-10-09 00:00:00', '2015-10-09 00:00:00'),
(10, 'About us', 1, 0, 1, 0, 0, 1, '2015-10-09 00:00:00', '2015-10-09 00:00:00'),
(11, 'Privacy policy', 0, 0, 1, 0, 0, 1, '2015-10-09 00:00:00', '2015-10-09 00:00:00'),
(12, 'Home', 1, 0, 3, 1, 1, 0, '2015-10-09 00:00:00', '2018-08-24 00:49:06'),
(13, 'About Us', 3, 0, 4, 0, 1, 0, '2015-10-09 00:00:00', '2016-07-31 14:53:50'),
(14, 'Menus', 2, 0, 5, 1, 0, 1, '2015-10-09 00:00:00', '2015-10-30 10:11:33'),
(15, 'Contact Us', 5, 0, 11, 0, 1, 0, '2015-10-16 00:00:00', '2016-07-31 14:53:46'),
(16, 'Careers', 8, 0, 9, 0, 0, 1, '2015-10-16 00:00:00', '2015-10-20 16:16:11'),
(17, 'Press', 9, 0, 8, 0, 0, 1, '2015-10-16 00:00:00', '2015-10-20 16:16:16'),
(18, 'Help', 4, 0, 8, 1, 0, 1, '2015-10-16 00:00:00', '2015-10-30 18:22:12'),
(19, 'Privacy Policy', 3, 0, 13, 0, 1, 1, '2015-10-16 00:00:00', '2016-07-12 15:28:02'),
(20, 'Terms and Conditions', 7, 0, 8, 0, 1, 1, '2015-10-16 00:00:00', '2016-07-12 15:28:00'),
(21, '6', 0, 0, 0, 0, 0, 1, '2015-10-16 13:01:28', '2015-10-16 13:01:28'),
(22, 'Sad', 0, 0, 3, 1, 1, 1, '2016-07-19 07:01:15', '2016-07-19 07:01:15'),
(23, 'Products', 2, 0, 5, 1, 1, 0, '2016-07-23 14:21:35', '2018-08-22 02:37:56'),
(24, 'Service Reservation', 4, 0, 19, 1, 1, 0, '2016-07-28 19:50:00', '2018-08-24 00:37:49'),
(25, 'Sign in', 7, 0, 20, 1, 1, 0, '2016-07-30 12:21:27', '2016-07-31 15:06:44'),
(26, 'Sign up', 8, 0, 21, 1, 1, 0, '2016-07-30 12:21:37', '2016-07-31 15:06:46'),
(27, 'Blog', 6, 0, 7, 0, 1, 0, '2016-07-30 12:21:43', '2016-07-31 14:53:42'),
(28, 'Faq', 9, 0, 16, 0, 1, 0, '2016-08-01 12:58:03', '2016-08-01 12:58:03'),
(29, 'Custom Page', 12, 0, 24, 0, 1, 0, '2016-08-01 13:00:02', '2016-08-01 13:00:02'),
(30, 'Subscription', 10, 0, 25, 0, 1, 0, '2016-08-06 18:17:26', '2016-08-06 18:38:51'),
(33, 'Reviews', 11, 0, 27, 0, 1, 0, '2016-08-06 20:26:26', '2016-08-06 20:26:26');

-- --------------------------------------------------------

--
-- Table structure for table `cms_page`
--

CREATE TABLE `cms_page` (
  `page_id` bigint(20) UNSIGNED NOT NULL,
  `type` char(1) CHARACTER SET latin1 NOT NULL COMMENT 's-static, d-dynamic, e-external link',
  `url` varchar(500) CHARACTER SET latin1 NOT NULL,
  `name` varchar(30) CHARACTER SET latin1 NOT NULL,
  `content` blob,
  `page_header` varchar(100) CHARACTER SET latin1 DEFAULT NULL,
  `page_sub_header` varchar(200) CHARACTER SET latin1 DEFAULT NULL,
  `controller` varchar(50) CHARACTER SET latin1 DEFAULT 'page',
  `301_redirect_url` varchar(500) CHARACTER SET latin1 DEFAULT NULL,
  `301_redirect_status` tinyint(1) DEFAULT '0' COMMENT '0 - Off, 1 - On',
  `canonical_url` varchar(500) CHARACTER SET latin1 DEFAULT NULL,
  `header_image` varchar(100) CHARACTER SET latin1 DEFAULT NULL,
  `meta_robots_index` varchar(10) CHARACTER SET latin1 DEFAULT NULL,
  `meta_robots_follow` varchar(10) CHARACTER SET latin1 DEFAULT NULL,
  `title` varchar(100) CHARACTER SET latin1 DEFAULT NULL,
  `meta_description` varchar(300) CHARACTER SET latin1 DEFAULT NULL,
  `meta_keywords` varchar(300) CHARACTER SET latin1 DEFAULT NULL,
  `status` tinyint(1) NOT NULL DEFAULT '1',
  `deleted` tinyint(1) NOT NULL DEFAULT '0',
  `date_created` datetime NOT NULL,
  `date_updated` datetime NOT NULL
) ENGINE=InnoDB DEFAULT CHARSET=utf8;

--
-- Dumping data for table `cms_page`
--

INSERT INTO `cms_page` (`page_id`, `type`, `url`, `name`, `content`, `page_header`, `page_sub_header`, `controller`, `301_redirect_url`, `301_redirect_status`, `canonical_url`, `header_image`, `meta_robots_index`, `meta_robots_follow`, `title`, `meta_description`, `meta_keywords`, `status`, `deleted`, `date_created`, `date_updated`) VALUES
(3, 'd', 'home', 'Home', 0x3c6832205b72656d6f7665645d3d22746578742d616c69676e3a2063656e7465723b223e444f204e4f54204c4554205448454d20444f574e3c2f68343e, '', '', 'home', '', 0, '', 'DeathtoStock_Medium1.jpg', 'INDEX', 'FOLLOW', 'Home', '', '', 1, 0, '2015-10-15 00:00:00', '2018-08-24 00:48:11'),
(4, 's', 'about-us', 'About', 0x3c70205b72656d6f7665645d3d22746578742d616c69676e3a206a7573746966793b223e41656e65616e20636f6d6d6f646f206c6967756c61206567657420646f6c6f722e2041656e65616e206d617373612e2043756d20736f63696973206e61746f7175652070656e617469627573206574206d61676e6973206469732070617274757269656e74206d6f6e7465732c206e61736365747572207269646963756c7573206d75732e20446f6e6563207175616d2066656c69732c20756c74726963696573206e65632c2070656c6c656e7465737175652065752cc2a03c6120687265663d22687474703a2f2f63656465782f626c6f672f61626f757423223e7072657469756d20717569733c2f613e2c2073656d2e204e756c6c6120636f6e736571756174206d61737361207175697320656e696d2e20446f6e65632070656465206a7573746f2c206672696e67696c6c612076656c2c20616c6971756574206e65632c2076756c70757461746520656765742c20617263752e20496e20656e696d206a7573746f2c2072686f6e6375732075742c20696d7065726469657420612c2076656e656e617469732076697461652c206a7573746f2e204e756c6c616d2064696374756d2066656c69732065752070656465206d6f6c6c6973207072657469756d2e3c2f703e0d0a0d0a3c70205b72656d6f7665645d3d22746578742d616c69676e3a206a7573746966793b223e41656e65616e20636f6d6d6f646f206c6967756c61206567657420646f6c6f722e2041656e65616e206d617373612e2043756d20736f63696973206e61746f7175652070656e617469627573206574206d61676e6973206469732070617274757269656e74206d6f6e7465732c206e61736365747572207269646963756c7573206d75732e20446f6e6563207175616d2066656c69732c20756c74726963696573206e65632c2070656c6c656e7465737175652065752cc2a03c6120687265663d22687474703a2f2f63656465782f626c6f672f61626f757423223e7072657469756d20717569733c2f613e2c2073656d2e204e756c6c6120636f6e736571756174206d61737361207175697320656e696d2e20446f6e65632070656465206a7573746f2c206672696e67696c6c612076656c2c20616c6971756574206e65632c2076756c70757461746520656765742c20617263752e20496e20656e696d206a7573746f2c2072686f6e6375732075742c20696d7065726469657420612c2076656e656e617469732076697461652c206a7573746f2e204e756c6c616d2064696374756d2066656c69732065752070656465206d6f6c6c6973207072657469756d2e3c2f703e0d0a0d0a3c70205b72656d6f7665645d3d22746578742d616c69676e3a206a7573746966793b223e41656e65616e20636f6d6d6f646f206c6967756c61206567657420646f6c6f722e2041656e65616e206d617373612e2043756d20736f63696973206e61746f7175652070656e617469627573206574206d61676e6973206469732070617274757269656e74206d6f6e7465732c206e61736365747572207269646963756c7573206d75732e20446f6e6563207175616d2066656c69732c20756c74726963696573206e65632c2070656c6c656e7465737175652065752cc2a03c6120687265663d22687474703a2f2f63656465782f626c6f672f61626f757423223e7072657469756d20717569733c2f613e2c2073656d2e204e756c6c6120636f6e736571756174206d61737361207175697320656e696d2e20446f6e65632070656465206a7573746f2c206672696e67696c6c612076656c2c20616c6971756574206e65632c2076756c70757461746520656765742c20617263752e20496e20656e696d206a7573746f2c2072686f6e6375732075742c20696d7065726469657420612c2076656e656e617469732076697461652c206a7573746f2e204e756c6c616d2064696374756d2066656c69732065752070656465206d6f6c6c6973207072657469756d2e3c2f703e0d0a0d0a3c70205b72656d6f7665645d206a7573746966793b223e41656e65616e20636f6d6d6f646f206c6967756c61206567657420646f6c6f722e2041656e65616e206d617373612e2043756d20736f63696973206e61746f7175652070656e617469627573206574206d61676e6973206469732070617274757269656e74206d6f6e7465732c206e61736365747572207269646963756c7573206d75732e20446f6e6563207175616d2066656c69732c20756c74726963696573206e65632c2070656c6c656e7465737175652065752cc2a03c6120687265663d22687474703a2f2f63656465782f626c6f672f61626f757423223e7072657469756d20717569733c2f613e2c2073656d2e204e756c6c6120636f6e736571756174206d61737361207175697320656e696d2e20446f6e65632070656465206a7573746f2c206672696e67696c6c612076656c2c20616c6971756574206e65632c2076756c70757461746520656765742c20617263752e20496e20656e696d206a7573746f2c2072686f6e6375732075742c20696d7065726469657420612c2076656e656e617469732076697461652c206a7573746f2e204e756c6c616d2064696374756d2066656c69732065752070656465206d6f6c6c6973207072657469756d2e3c2f703e, 'Tell users the story behind the product.', 'Donec pede justo, fringilla vel, aliquet nec, vulputate eget, arcu. In enim justo, rhoncus ut, imperdiet a, venenatis vitae, justo. Nullam dictum felis eu pede mollis pretium.', 'page', '', 1, '', '', 'INDEX', 'FOLLOW', 'About', '', '', 1, 0, '2015-10-15 00:00:00', '2016-08-01 15:15:39'),
(5, 'd', 'menus', 'Menu', '', 'Our Menus', '', 'menu', '', 1, '', '', 'INDEX', 'FOLLOW', 'Our Menu', '', '', 1, 0, '2015-10-09 00:00:00', '2016-08-01 13:03:36'),
(7, 'd', 'blog', 'Blog', '', '', '', 'page', '', 1, '', '', 'INDEX', 'FOLLOW', 'Blog', '', '', 1, 0, '2015-10-20 16:01:27', '2015-10-27 13:15:51'),
(11, 'd', 'contact-us', 'Contact', '', 'Contact Us', '', 'page', '', 1, '', '', 'INDEX', 'FOLLOW', 'Contact', '', '', 1, 0, '2015-10-20 16:09:38', '2016-07-31 14:25:11'),
(12, 's', 'terms-and-conditions', 'Terms & Conditions of Service', 0x3c756c3e0d0a093c6c693e54656c6c207573657273207468652073746f727920626568696e64207468652070726f647563742e205365642075742070657273706963696174697320756e6465206f6d6e69732069737465206e61747573206572726f722073697420766f6c7570746174656d206163637573616e7469756d20646f6c6f72656d717565206c617564616e7469756d2c20746f74616d2072656d206170657269616d2c2065617175652069707361207175616520616220696c6c6f20696e76656e746f726520766572697461746973206574207175617369206172636869746563746f206265617461652076697461652064696374612073756e74206578706c696361626f2e204e656d6f20656e696d20697073616d20766f6c7570746174656d207175696120766f6c7570746173207369742061737065726e6174757220617574206f646974206175742066756769743c2f6c693e0d0a3c2f756c3e0d0a0d0a3c703e266e6273703b3c2f703e0d0a0d0a3c756c3e0d0a093c6c693e54656c6c207573657273207468652073746f727920626568696e64207468652070726f647563742e205365642075742070657273706963696174697320756e6465206f6d6e69732069737465206e61747573206572726f722073697420766f6c7570746174656d206163637573616e7469756d20646f6c6f72656d717565206c617564616e7469756d2c20746f74616d2072656d206170657269616d2c2065617175652069707361207175616520616220696c6c6f20696e76656e746f726520766572697461746973206574207175617369206172636869746563746f206265617461652076697461652064696374612073756e74206578706c696361626f2e204e656d6f20656e696d20697073616d20766f6c7570746174656d207175696120766f6c7570746173207369742061737065726e6174757220617574206f646974206175742066756769743c2f6c693e0d0a093c6c693e54656c6c207573657273207468652073746f727920626568696e64207468652070726f647563742e205365642075742070657273706963696174697320756e6465206f6d6e69732069737465206e61747573206572726f722073697420766f6c7570746174656d206163637573616e7469756d20646f6c6f72656d717565206c617564616e7469756d2c20746f74616d2072656d206170657269616d2c2065617175652069707361207175616520616220696c6c6f20696e76656e746f726520766572697461746973206574207175617369206172636869746563746f206265617461652076697461652064696374612073756e74206578706c696361626f2e204e656d6f20656e696d20697073616d20766f6c7570746174656d207175696120766f6c7570746173207369742061737065726e6174757220617574206f646974206175742066756769743c2f6c693e0d0a3c2f756c3e0d0a0d0a3c703e266e6273703b3c2f703e0d0a0d0a3c756c3e0d0a093c6c693e54656c6c207573657273207468652073746f727920626568696e64207468652070726f647563742e205365642075742070657273706963696174697320756e6465206f6d6e69732069737465206e61747573206572726f722073697420766f6c7570746174656d206163637573616e7469756d20646f6c6f72656d717565206c617564616e7469756d2c20746f74616d2072656d206170657269616d2c2065617175652069707361207175616520616220696c6c6f20696e76656e746f726520766572697461746973206574207175617369206172636869746563746f206265617461652076697461652064696374612073756e74206578706c696361626f2e204e656d6f20656e696d20697073616d20766f6c7570746174656d207175696120766f6c7570746173207369742061737065726e6174757220617574206f646974206175742066756769743c2f6c693e0d0a3c2f756c3e0d0a0d0a3c703e266e6273703b3c2f703e0d0a0d0a3c756c3e0d0a093c6c693e54656c6c207573657273207468652073746f727920626568696e64207468652070726f647563742e205365642075742070657273706963696174697320756e6465206f6d6e69732069737465206e61747573206572726f722073697420766f6c7570746174656d206163637573616e7469756d20646f6c6f72656d717565206c617564616e7469756d2c20746f74616d2072656d206170657269616d2c2065617175652069707361207175616520616220696c6c6f20696e76656e746f726520766572697461746973206574207175617369206172636869746563746f206265617461652076697461652064696374612073756e74206578706c696361626f2e204e656d6f20656e696d20697073616d20766f6c7570746174656d207175696120766f6c7570746173207369742061737065726e6174757220617574206f646974206175742066756769743c2f6c693e0d0a3c2f756c3e0d0a0d0a3c703e266e6273703b3c2f703e0d0a0d0a3c756c3e0d0a093c6c693e54656c6c207573657273207468652073746f727920626568696e64207468652070726f647563742e205365642075742070657273706963696174697320756e6465206f6d6e69732069737465206e61747573206572726f722073697420766f6c7570746174656d206163637573616e7469756d20646f6c6f72656d717565206c617564616e7469756d2c20746f74616d2072656d206170657269616d2c2065617175652069707361207175616520616220696c6c6f20696e76656e746f726520766572697461746973206574207175617369206172636869746563746f206265617461652076697461652064696374612073756e74206578706c696361626f2e204e656d6f20656e696d20697073616d20766f6c7570746174656d207175696120766f6c7570746173207369742061737065726e6174757220617574206f646974206175742066756769743c2f6c693e0d0a3c2f756c3e0d0a0d0a3c703e266e6273703b3c2f703e0d0a0d0a3c756c3e0d0a093c6c693e54656c6c207573657273207468652073746f727920626568696e64207468652070726f647563742e205365642075742070657273706963696174697320756e6465206f6d6e69732069737465206e61747573206572726f722073697420766f6c7570746174656d206163637573616e7469756d20646f6c6f72656d717565206c617564616e7469756d2c20746f74616d2072656d206170657269616d2c2065617175652069707361207175616520616220696c6c6f20696e76656e746f726520766572697461746973206574207175617369206172636869746563746f206265617461652076697461652064696374612073756e74206578706c696361626f2e204e656d6f20656e696d20697073616d20766f6c7570746174656d207175696120766f6c7570746173207369742061737065726e6174757220617574206f646974206175742066756769743c2f6c693e0d0a3c2f756c3e0d0a0d0a3c703e266e6273703b3c2f703e0d0a0d0a3c756c3e0d0a093c6c693e54656c6c207573657273207468652073746f727920626568696e64207468652070726f647563742e205365642075742070657273706963696174697320756e6465206f6d6e69732069737465206e61747573206572726f722073697420766f6c7570746174656d206163637573616e7469756d20646f6c6f72656d717565206c617564616e7469756d2c20746f74616d2072656d206170657269616d2c2065617175652069707361207175616520616220696c6c6f20696e76656e746f726520766572697461746973206574207175617369206172636869746563746f206265617461652076697461652064696374612073756e74206578706c696361626f2e204e656d6f20656e696d20697073616d20766f6c7570746174656d207175696120766f6c7570746173207369742061737065726e6174757220617574206f646974206175742066756769743c2f6c693e0d0a3c2f756c3e, 'Terms & Conditions of Service', 'We believe sed ut perspiciatis unde omnis iste natus error sit', 'page', '', 1, '', '', 'INDEX', 'FOLLOW', 'Terms & Conditions of Service', '', '', 1, 0, '2015-10-20 16:11:52', '2015-10-30 18:08:31'),
(13, 's', 'privacy-policy', 'Privacy Policy', 0x3c703e54656c6c207573657273207468652073746f727920626568696e64207468652070726f647563742e205365642075742070657273706963696174697320756e6465206f6d6e69732069737465206e61747573206572726f722073697420766f6c7570746174656d206163637573616e7469756d20646f6c6f72656d717565206c617564616e7469756d2c20746f74616d2072656d206170657269616d2c2065617175652069707361207175616520616220696c6c6f20696e76656e746f726520766572697461746973206574207175617369206172636869746563746f206265617461652076697461652064696374612073756e74206578706c696361626f2e204e656d6f20656e696d20697073616d20766f6c7570746174656d207175696120766f6c7570746173207369742061737065726e6174757220617574206f646974206175742066756769743c2f703e0d0a0d0a3c703e4c6f72656d20697073756d20646f6c6f722073697420616d65742c20636f6e7365637465747565722061646970697363696e6720656c69742e2041656e65616e20636f6d6d6f646f206c6967756c61206567657420646f6c6f722e2041656e65616e206d617373612e2043756d20736f63696973206e61746f7175652070656e617469627573206574206d61676e6973206469732070617274757269656e74206d6f6e7465732c206e61736365747572207269646963756c7573206d75732e20446f6e6563207175616d2066656c69732c20756c74726963696573206e65632c2070656c6c656e7465737175652065752c266e6273703b3c6120687265663d22687474703a2f2f63656465782f626c6f672f61626f757423223e7072657469756d20717569733c2f613e2c2073656d2e204e756c6c6120636f6e736571756174206d61737361207175697320656e696d2e20446f6e65632070656465206a7573746f2c206672696e67696c6c612076656c2c20616c6971756574206e65632c2076756c70757461746520656765742c20617263752e20496e20656e696d206a7573746f2c2072686f6e6375732075742c20696d7065726469657420612c2076656e656e617469732076697461652c206a7573746f2e204e756c6c616d2064696374756d2066656c69732065752070656465206d6f6c6c6973207072657469756d2e3c2f703e0d0a0d0a3c703e54656c6c207573657273207468652073746f727920626568696e64207468652070726f647563742e205365642075742070657273706963696174697320756e6465206f6d6e69732069737465206e61747573206572726f722073697420766f6c7570746174656d206163637573616e7469756d20646f6c6f72656d717565206c617564616e7469756d2c20746f74616d2072656d206170657269616d2c2065617175652069707361207175616520616220696c6c6f20696e76656e746f726520766572697461746973206574207175617369206172636869746563746f206265617461652076697461652064696374612073756e74206578706c696361626f2e204e656d6f20656e696d20697073616d20766f6c7570746174656d207175696120766f6c7570746173207369742061737065726e6174757220617574206f646974206175742066756769743c2f703e0d0a0d0a3c703e4c6f72656d20697073756d20646f6c6f722073697420616d65742c20636f6e7365637465747565722061646970697363696e6720656c69742e2041656e65616e20636f6d6d6f646f206c6967756c61206567657420646f6c6f722e2041656e65616e206d617373612e2043756d20736f63696973206e61746f7175652070656e617469627573206574206d61676e6973206469732070617274757269656e74206d6f6e7465732c206e61736365747572207269646963756c7573206d75732e20446f6e6563207175616d2066656c69732c20756c74726963696573206e65632c2070656c6c656e7465737175652065752c266e6273703b3c6120687265663d22687474703a2f2f63656465782f626c6f672f61626f757423223e7072657469756d20717569733c2f613e2c2073656d2e204e756c6c6120636f6e736571756174206d61737361207175697320656e696d2e20446f6e65632070656465206a7573746f2c206672696e67696c6c612076656c2c20616c6971756574206e65632c2076756c70757461746520656765742c20617263752e20496e20656e696d206a7573746f2c2072686f6e6375732075742c20696d7065726469657420612c2076656e656e617469732076697461652c206a7573746f2e204e756c6c616d2064696374756d2066656c69732065752070656465206d6f6c6c6973207072657469756d2e3c2f703e0d0a0d0a3c703e54656c6c207573657273207468652073746f727920626568696e64207468652070726f647563742e205365642075742070657273706963696174697320756e6465206f6d6e69732069737465206e61747573206572726f722073697420766f6c7570746174656d206163637573616e7469756d20646f6c6f72656d717565206c617564616e7469756d2c20746f74616d2072656d206170657269616d2c2065617175652069707361207175616520616220696c6c6f20696e76656e746f726520766572697461746973206574207175617369206172636869746563746f206265617461652076697461652064696374612073756e74206578706c696361626f2e204e656d6f20656e696d20697073616d20766f6c7570746174656d207175696120766f6c7570746173207369742061737065726e6174757220617574206f646974206175742066756769743c2f703e0d0a0d0a3c703e4c6f72656d20697073756d20646f6c6f722073697420616d65742c20636f6e7365637465747565722061646970697363696e6720656c69742e2041656e65616e20636f6d6d6f646f206c6967756c61206567657420646f6c6f722e2041656e65616e206d617373612e2043756d20736f63696973206e61746f7175652070656e617469627573206574206d61676e6973206469732070617274757269656e74206d6f6e7465732c206e61736365747572207269646963756c7573206d75732e20446f6e6563207175616d2066656c69732c20756c74726963696573206e65632c2070656c6c656e7465737175652065752c266e6273703b3c6120687265663d22687474703a2f2f63656465782f626c6f672f61626f757423223e7072657469756d20717569733c2f613e2c2073656d2e204e756c6c6120636f6e736571756174206d61737361207175697320656e696d2e20446f6e65632070656465206a7573746f2c206672696e67696c6c612076656c2c20616c6971756574206e65632c2076756c70757461746520656765742c20617263752e20496e20656e696d206a7573746f2c2072686f6e6375732075742c20696d7065726469657420612c2076656e656e617469732076697461652c206a7573746f2e204e756c6c616d2064696374756d2066656c69732065752070656465206d6f6c6c6973207072657469756d2e3c2f703e, 'Privacy Policy', 'Lorem ipsum dolor sit amet, consectetuer adipiscing elit', 'page', '', 1, '', '', 'INDEX', 'FOLLOW', 'Privacy Policy', '', '', 1, 0, '2015-10-20 16:12:10', '2015-10-30 18:09:19'),
(14, 'd', 'checkout', 'Checkout', '', 'Secure Checkout', '', 'checkout', '', 1, '', '', 'INDEX', 'FOLLOW', 'Checkout', '', '', 1, 0, '2015-10-30 17:00:17', '2016-08-01 09:17:08'),
(16, 'd', 'faq', 'FAQ', '', 'FAQ', 'FAQ', 'page', '', 1, '', '', 'INDEX', 'FOLLOW', 'faq', '', '', 1, 0, '2016-07-19 07:33:06', '2016-07-28 19:48:27'),
(19, 'd', 'reservation', 'Book Your Table', '', 'Book Your Table', 'Book Your Table', 'page', '', 1, '', NULL, 'INDEX', 'FOLLOW', 'Book Your Table', '', '', 1, 0, '2016-07-28 19:49:48', '2016-07-28 19:49:48'),
(20, 'd', 'login', 'Login', '', 'Login', '', 'page', '', 1, '', NULL, 'INDEX', 'FOLLOW', 'login', '', '', 1, 0, '2016-07-30 11:10:35', '2016-07-30 11:10:35'),
(21, 'd', 'signup', 'Signup', '', 'Sign Up', '', 'page', '', 1, '', NULL, 'INDEX', 'FOLLOW', 'signup', '', '', 1, 0, '2016-07-30 11:11:02', '2016-07-30 11:11:02'),
(22, 'd', 'account', 'Customer account', '', 'Account', '', 'page', '', 1, '', NULL, 'INDEX', 'FOLLOW', 'Account', '', '', 1, 0, '2016-07-30 14:37:45', '2016-07-30 14:38:39'),
(23, 'd', 'summary', 'Order summary', '', 'Order Summary', '', 'page', '', 1, '', NULL, 'INDEX', 'FOLLOW', 'Order Summary', '', '', 1, 0, '2016-07-31 09:15:02', '2016-07-31 09:15:02'),
(24, 's', 'custom-page', 'Custom Page', 0x3c68323e576865726520646f657320697420636f6d652066726f6d3f3c2f68323e0d0a0d0a3c703e436f6e747261727920746f20706f70756c61722062656c6965662c204c6f72656d20497073756d206973206e6f742073696d706c792072616e646f6d20746578742e2049742068617320726f6f747320696e2061207069656365206f6620636c6173736963616c204c6174696e206c6974657261747572652066726f6d2034352042432c206d616b696e67206974206f7665722032303030207965617273206f6c642e2052696368617264204d63436c696e746f636b2c2061204c6174696e2070726f666573736f722061742048616d7064656e2d5379646e657920436f6c6c65676520696e2056697267696e69612c206c6f6f6b6564207570206f6e65206f6620746865206d6f7265206f627363757265204c6174696e20776f7264732c20636f6e73656374657475722c2066726f6d2061204c6f72656d20497073756d20706173736167652c20616e6420676f696e67207468726f75676820746865206369746573206f662074686520776f726420696e20636c6173736963616c206c6974657261747572652c20646973636f76657265642074686520756e646f75627461626c6520736f757263652e204c6f72656d20497073756d20636f6d65732066726f6d2073656374696f6e7320312e31302e333220616e6420312e31302e3333206f66202264652046696e6962757320426f6e6f72756d206574204d616c6f72756d2220285468652045787472656d6573206f6620476f6f6420616e64204576696c292062792043696365726f2c207772697474656e20696e2034352042432e205468697320626f6f6b2069732061207472656174697365206f6e20746865207468656f7279206f66206574686963732c207665727920706f70756c617220647572696e67207468652052656e61697373616e63652e20546865206669727374206c696e65206f66204c6f72656d20497073756d2c20224c6f72656d20697073756d20646f6c6f722073697420616d65742e2e222c20636f6d65732066726f6d2061206c696e6520696e2073656374696f6e20312e31302e33322e3c2f703e0d0a0d0a3c68323e57686572652063616e20492067657420736f6d653f3c2f68323e0d0a0d0a3c703e546865726520617265206d616e7920766172696174696f6e73206f66207061737361676573206f66204c6f72656d20497073756d20617661696c61626c652c2062757420746865206d616a6f72697479206861766520737566666572656420616c7465726174696f6e20696e20736f6d6520666f726d2c20627920696e6a65637465642068756d6f75722c206f722072616e646f6d6973656420776f72647320776869636820646f6e262333393b74206c6f6f6b206576656e20736c696768746c792062656c69657661626c652e20496620796f752061726520676f696e6720746f2075736520612070617373616765206f66204c6f72656d20497073756d2c20796f75206e65656420746f20626520737572652074686572652069736e262333393b7420616e797468696e6720656d62617272617373696e672068696464656e20696e20746865206d6964646c65206f6620746578742e20416c6c20746865204c6f72656d20497073756d2067656e657261746f7273206f6e2074686520496e7465726e65742074656e6420746f2072657065617420707265646566696e6564206368756e6b73206173206e65636573736172792c206d616b696e6720746869732074686520666972737420747275652067656e657261746f72206f6e2074686520496e7465726e65742e204974207573657320612064696374696f6e617279206f66206f76657220323030204c6174696e20776f7264732c20636f6d62696e6564207769746820612068616e6466756c206f66206d6f64656c2073656e74656e636520737472756374757265732c20746f2067656e6572617465204c6f72656d20497073756d207768696368206c6f6f6b7320726561736f6e61626c652e205468652067656e657261746564204c6f72656d20497073756d206973207468657265666f726520616c7761797320667265652066726f6d2072657065746974696f6e2c20696e6a65637465642068756d6f75722c206f72206e6f6e2d636861726163746572697374696320776f726473206574632e3c2f703e0d0a0d0a3c6f6c3e0d0a203c6c693e4c6f72656d20497073756d206973207468657265666f726520616c7761797320667265652066726f6d2072657065746974696f6e2c20696e6a65637465642068756d6f75722c206f72206e6f6e2d636861726163746572697374696320776f726473206574632e3c2f6c693e0d0a203c6c693e4c6f72656d20497073756d206973207468657265666f726520616c7761797320667265652066726f6d2072657065746974696f6e2c20696e6a65637465642068756d6f75722c206f72206e6f6e2d636861726163746572697374696320776f726473206574632e3c2f6c693e0d0a203c6c693e4c6f72656d20497073756d206973207468657265666f726520616c7761797320667265652066726f6d2072657065746974696f6e2c20696e6a65637465642068756d6f75722c206f72206e6f6e2d636861726163746572697374696320776f726473206574632e3c2f6c693e0d0a203c6c693e4c6f72656d20497073756d206973207468657265666f726520616c7761797320667265652066726f6d2072657065746974696f6e2c20696e6a65637465642068756d6f75722c206f72206e6f6e2d636861726163746572697374696320776f726473206574632e3c2f6c693e0d0a3c2f6f6c3e, 'This is a custom page from CMS', NULL, 'page', '', 1, '', NULL, 'INDEX', 'FOLLOW', 'Custom page', '', '', 1, 0, '2016-08-01 12:59:50', '2016-08-01 13:03:16'),
(25, 's', 'mailchimp', 'Mailchimp', 0x3c703e266c743b696672616d6520616c69676e3d226d6964646c6522206672616d65626f726465723d223022206865696768743d2235303022207363726f6c6c696e673d226e6f22207372633d22222077696474683d22353030222667743b266c743b2f696672616d653e3c2f703e, 'Subscribe to our newsletter', NULL, 'page', '', 1, '', NULL, 'INDEX', 'FOLLOW', 'Subscribe', '', '', 1, 0, '2016-08-06 18:17:12', '2016-08-06 18:34:14'),
(27, 's', 'reviews', 'Customer reviews', '', 'Customer Reviews', NULL, 'page', '', 1, '', NULL, 'INDEX', 'FOLLOW', 'Customer Reviews', '', '', 1, 0, '2016-08-06 20:25:35', '2016-08-06 20:28:06');

-- --------------------------------------------------------

--
-- Table structure for table `coupons`
--

CREATE TABLE `coupons` (
  `id` int(11) NOT NULL,
  `code` varchar(10) NOT NULL,
  `discount_type` enum('fixed_amount','percentage','','') NOT NULL,
  `discount` double NOT NULL,
  `usage_limit` int(11) NOT NULL,
  `used_count` int(11) NOT NULL DEFAULT '0',
  `start_date` date NOT NULL,
  `end_date` date NOT NULL,
  `status` smallint(1) NOT NULL DEFAULT '1',
  `date_created` datetime NOT NULL,
  `date_updated` datetime NOT NULL,
  `deleted` tinyint(1) NOT NULL DEFAULT '0'
) ENGINE=InnoDB DEFAULT CHARSET=latin1;

--
-- Dumping data for table `coupons`
--

INSERT INTO `coupons` (`id`, `code`, `discount_type`, `discount`, `usage_limit`, `used_count`, `start_date`, `end_date`, `status`, `date_created`, `date_updated`, `deleted`) VALUES
(1, 'mahdijan', 'percentage', 80, 500, 0, '2018-04-09', '2018-10-18', 1, '2018-04-10 17:21:29', '2018-08-22 01:35:27', 0);

-- --------------------------------------------------------

--
-- Table structure for table `currency`
--

CREATE TABLE `currency` (
  `currency_id` int(3) UNSIGNED NOT NULL,
  `code` char(3) DEFAULT NULL,
  `name` varchar(32) DEFAULT NULL,
  `symbol` varchar(3) DEFAULT NULL,
  `flag` varchar(6) DEFAULT NULL,
  `status` tinyint(1) NOT NULL DEFAULT '1',
  `deleted` tinyint(1) NOT NULL DEFAULT '0'
) ENGINE=MyISAM DEFAULT CHARSET=utf8;

--
-- Dumping data for table `currency`
--

INSERT INTO `currency` (`currency_id`, `code`, `name`, `symbol`, `flag`, `status`, `deleted`) VALUES
(1, 'AFN', 'Afghani', '؋', 'AF.png', 1, 0),
(2, 'ALL', 'Lek', 'Lek', 'AL.png', 1, 0),
(4, 'USD', 'Dollar', '$', 'AS.png', 1, 0),
(5, 'EUR', 'Euro', '€', 'AD.png', 1, 0),
(6, 'AOA', 'Kwanza', 'Kz', 'AO.png', 1, 0),
(7, 'XCD', 'Dollar', '$', 'AI.png', 1, 0),
(10, 'ARS', 'Peso', '$', 'AR.png', 1, 0),
(12, 'AWG', 'Guilder', 'ƒ', 'AW.png', 1, 0),
(13, 'AUD', 'Dollar', '$', 'AU.png', 1, 0),
(15, 'AZN', 'Manat', 'ман', 'AZ.png', 1, 0),
(16, 'BSD', 'Dollar', '$', 'BS.png', 1, 0),
(19, 'BBD', 'Dollar', '$', 'BB.png', 1, 0),
(20, 'BYR', 'Ruble', 'p.', 'BY.png', 1, 0),
(22, 'BZD', 'Dollar', 'BZ$', 'BZ.png', 1, 0),
(24, 'BMD', 'Dollar', '$', 'BM.png', 1, 0),
(26, 'BOB', 'Boliviano', '$b', 'BO.png', 1, 0),
(27, 'BAM', 'Marka', 'KM', 'BA.png', 1, 0),
(28, 'BWP', 'Pula', 'P', 'BW.png', 1, 0),
(29, 'NOK', 'Krone', 'kr', 'BV.png', 1, 0),
(30, 'BRL', 'Real', 'R$', 'BR.png', 1, 0),
(33, 'BND', 'Dollar', '$', 'BN.png', 1, 0),
(34, 'BGN', 'Lev', 'лв', 'BG.png', 1, 0),
(37, 'KHR', 'Riels', '៛', 'KH.png', 1, 0),
(38, 'XAF', 'Franc', 'FCF', 'CM.png', 1, 0),
(39, 'CAD', 'Dollar', '$', 'CA.png', 1, 0),
(41, 'KYD', 'Dollar', '$', 'KY.png', 1, 0),
(45, 'CNY', 'Yuan Renminbi', '¥', 'CN.png', 1, 0),
(48, 'COP', 'Peso', '$', 'CO.png', 1, 0),
(50, 'NZD', 'Dollar', '$', 'CK.png', 1, 0),
(51, 'CRC', 'Colon', '₡', 'CR.png', 1, 0),
(52, 'HRK', 'Kuna', 'kn', 'HR.png', 1, 0),
(53, 'CUP', 'Peso', '₱', 'CU.png', 1, 0),
(55, 'CZK', 'Koruna', 'Kč', 'CZ.png', 1, 0),
(57, 'DKK', 'Krone', 'kr', 'DK.png', 1, 0),
(60, 'DOP', 'Peso', 'RD$', 'DO.png', 1, 0),
(63, 'EGP', 'Pound', '£', 'EG.png', 1, 0),
(64, 'SVC', 'Colone', '$', 'SV.png', 1, 0),
(66, 'ERN', 'Nakfa', 'Nfk', 'ER.png', 1, 0),
(67, 'EEK', 'Kroon', 'kr', 'EE.png', 1, 0),
(69, 'FKP', 'Pound', '£', 'FK.png', 1, 0),
(71, 'FJD', 'Dollar', '$', 'FJ.png', 1, 0),
(78, 'GMD', 'Dalasi', 'D', 'GM.png', 1, 0),
(81, 'GHC', 'Cedi', '¢', 'GH.png', 1, 0),
(82, 'GIP', 'Pound', '£', 'GI.png', 1, 0),
(88, 'GTQ', 'Quetzal', 'Q', 'GT.png', 1, 0),
(91, 'GYD', 'Dollar', '$', 'GY.png', 1, 0),
(92, 'HTG', 'Gourde', 'G', 'HT.png', 1, 0),
(94, 'HNL', 'Lempira', 'L', 'HN.png', 1, 0),
(95, 'HKD', 'Dollar', '$', 'HK.png', 1, 0),
(96, 'HUF', 'Forint', 'Ft', 'HU.png', 1, 0),
(97, 'ISK', 'Krona', 'kr', 'IS.png', 1, 0),
(98, 'INR', 'Rupee', '₹', 'IN.png', 1, 0),
(99, 'IDR', 'Rupiah', 'Rp', 'ID.png', 1, 0),
(100, 'IRR', 'Rial', '﷼', 'IR.png', 1, 0),
(103, 'ILS', 'Shekel', '₪', 'IL.png', 1, 0),
(106, 'JMD', 'Dollar', '$', 'JM.png', 1, 0),
(107, 'JPY', 'Yen', '¥', 'JP.png', 1, 0),
(109, 'KZT', 'Tenge', 'лв', 'KZ.png', 1, 0),
(113, 'KGS', 'Som', 'лв', 'KG.png', 1, 0),
(114, 'LAK', 'Kip', '₭', 'LA.png', 1, 0),
(115, 'LVL', 'Lat', 'Ls', 'LV.png', 1, 0),
(116, 'LBP', 'Pound', '£', 'LB.png', 1, 0),
(117, 'LSL', 'Loti', 'L', 'LS.png', 1, 0),
(118, 'LRD', 'Dollar', '$', 'LR.png', 1, 0),
(120, 'CHF', 'Franc', 'CHF', 'LI.png', 1, 0),
(121, 'LTL', 'Litas', 'Lt', 'LT.png', 1, 0),
(123, 'MOP', 'Pataca', 'MOP', 'MO.png', 1, 0),
(124, 'MKD', 'Denar', 'ден', 'MK.png', 1, 0),
(126, 'MWK', 'Kwacha', 'MK', 'MW.png', 1, 0),
(127, 'MYR', 'Ringgit', 'RM', 'MY.png', 1, 0),
(128, 'MVR', 'Rufiyaa', 'Rf', 'MV.png', 1, 0),
(133, 'MRO', 'Ouguiya', 'UM', 'MR.png', 1, 0),
(134, 'MUR', 'Rupee', '₨', 'MU.png', 1, 0),
(136, 'MXN', 'Peso', '$', 'MX.png', 1, 0),
(140, 'MNT', 'Tugrik', '₮', 'MN.png', 1, 0),
(143, 'MZN', 'Meticail', 'MT', 'MZ.png', 1, 0),
(144, 'MMK', 'Kyat', 'K', 'MM.png', 1, 0),
(145, 'NAD', 'Dollar', '$', 'NA.png', 1, 0),
(147, 'NPR', 'Rupee', '₨', 'NP.png', 1, 0),
(149, 'ANG', 'Guilder', 'ƒ', 'AN.png', 1, 0),
(152, 'NIO', 'Cordoba', 'C$', 'NI.png', 1, 0),
(154, 'NGN', 'Naira', '₦', 'NG.png', 1, 0),
(157, 'KPW', 'Won', '₩', 'KP.png', 1, 0),
(160, 'OMR', 'Rial', '﷼', 'OM.png', 1, 0),
(161, 'PKR', 'Rupee', '₨', 'PK.png', 1, 0),
(164, 'PAB', 'Balboa', 'B/.', 'PA.png', 1, 0),
(166, 'PYG', 'Guarani', 'Gs', 'PY.png', 1, 0),
(167, 'PEN', 'Sol', 'S/.', 'PE.png', 1, 0),
(168, 'PHP', 'Peso', 'Php', 'PH.png', 1, 0),
(170, 'PLN', 'Zloty', 'zł', 'PL.png', 1, 0),
(173, 'QAR', 'Rial', '﷼', 'QA.png', 1, 0),
(176, 'RON', 'Leu', 'lei', 'RO.png', 1, 0),
(177, 'RUB', 'Ruble', 'руб', 'RU.png', 1, 0),
(179, 'SHP', 'Pound', '£', 'SH.png', 1, 0),
(184, 'WST', 'Tala', 'WS$', 'WS.png', 1, 0),
(186, 'STD', 'Dobra', 'Db', 'ST.png', 1, 0),
(187, 'SAR', 'Rial', '﷼', 'SA.png', 1, 0),
(189, 'RSD', 'Dinar', 'Дин', 'CS.png', 1, 0),
(190, 'SCR', 'Rupee', '₨', 'SC.png', 1, 0),
(191, 'SLL', 'Leone', 'Le', 'SL.png', 1, 0),
(192, 'SGD', 'Dollar', '$', 'SG.png', 1, 0),
(193, 'SKK', 'Koruna', 'Sk', 'SK.png', 1, 0),
(195, 'SBD', 'Dollar', '$', 'SB.png', 1, 0),
(196, 'SOS', 'Shilling', 'S', 'SO.png', 1, 0),
(197, 'ZAR', 'Rand', 'R', 'ZA.png', 1, 0),
(198, 'GBP', 'Pound', '£', 'GS.png', 1, 0),
(199, 'KRW', 'Won', '₩', 'KR.png', 1, 0),
(201, 'LKR', 'Rupee', '₨', 'LK.png', 1, 0),
(203, 'SRD', 'Dollar', '$', 'SR.png', 1, 0),
(206, 'SEK', 'Krona', 'kr', 'SE.png', 1, 0),
(208, 'SYP', 'Pound', '£', 'SY.png', 1, 0),
(209, 'TWD', 'Dollar', 'NT$', 'TW.png', 1, 0),
(212, 'THB', 'Baht', '฿', 'TH.png', 1, 0),
(215, 'TOP', 'Pa\'anga', 'T$', 'TO.png', 1, 0),
(216, 'TTD', 'Dollar', 'TT$', 'TT.png', 1, 0),
(218, 'TRY', 'Lira', 'YTL', 'TR.png', 1, 0),
(219, 'TMM', 'Manat', 'm', 'TM.png', 1, 0),
(224, 'UAH', 'Hryvnia', '₴', 'UA.png', 1, 0),
(229, 'UYU', 'Peso', '$U', 'UY.png', 1, 0),
(230, 'UZS', 'Som', 'лв', 'UZ.png', 1, 0),
(231, 'VUV', 'Vatu', 'Vt', 'VU.png', 1, 0),
(233, 'VEF', 'Bolivar', 'Bs', 'VE.png', 1, 0),
(234, 'VND', 'Dong', '₫', 'VN.png', 1, 0),
(237, 'YER', 'Rial', '﷼', 'YE.png', 1, 0),
(238, 'ZMK', 'Kwacha', 'ZK', 'ZM.png', 1, 0),
(239, 'ZWD', 'Dollar', 'Z$', 'ZW.png', 1, 0);

-- --------------------------------------------------------

--
-- Table structure for table `customers`
--

CREATE TABLE `customers` (
  `customer_id` bigint(20) UNSIGNED NOT NULL,
  `customer_type` enum('1','2') CHARACTER SET utf8 COLLATE utf8_unicode_ci NOT NULL COMMENT '1 - Guest, 2 - Registered',
  `first_name` varchar(100) CHARACTER SET utf8 COLLATE utf8_unicode_ci NOT NULL,
  `last_name` varchar(100) CHARACTER SET utf8 COLLATE utf8_unicode_ci NOT NULL,
  `zipcode` varchar(10) CHARACTER SET utf8 COLLATE utf8_unicode_ci DEFAULT NULL,
  `city` varchar(100) CHARACTER SET utf8 COLLATE utf8_unicode_ci DEFAULT NULL,
  `phone` varchar(13) CHARACTER SET utf8 COLLATE utf8_unicode_ci DEFAULT NULL,
  `deleted` tinyint(1) NOT NULL DEFAULT '0',
  `date_created` datetime NOT NULL,
  `date_updated` datetime NOT NULL
) ENGINE=InnoDB DEFAULT CHARSET=utf8;

--
-- Dumping data for table `customers`
--

INSERT INTO `customers` (`customer_id`, `customer_type`, `first_name`, `last_name`, `zipcode`, `city`, `phone`, `deleted`, `date_created`, `date_updated`) VALUES
(1, '2', 'Ahmad Farzad', 'Amiri', '560029', 'Herat', '+919916510305', 0, '2018-04-10 15:34:38', '2018-04-10 16:44:05'),
(2, '2', 'Farzad', 'Amiri', '560029', 'Herat', '+919916510305', 0, '2018-04-10 15:46:18', '2018-04-10 16:44:49'),
(3, '2', 'mr turki', 'saleh', '129987', 'HeratJAN', '9071123075', 0, '2018-04-10 17:12:52', '2018-04-10 17:12:52'),
(4, '2', 'test', 'test', '560029', 'banglore', '+919916510305', 0, '2018-04-11 09:27:54', '2018-04-11 09:27:54'),
(5, '2', 'demo', 'demo', '567', 'demo', '333', 0, '2018-04-11 10:31:32', '2018-04-11 10:32:05'),
(6, '1', 'demo', 'demo', '2201', 'kabul', '+93799241111', 0, '2018-04-14 23:31:44', '2018-04-14 23:31:44'),
(7, '2', 'mahdi', 'mahdawi', '560029', 'bangalore', '8971843434', 0, '2018-08-22 01:13:39', '2018-08-22 01:36:44');

-- --------------------------------------------------------

--
-- Table structure for table `customers_guest`
--

CREATE TABLE `customers_guest` (
  `id` bigint(20) UNSIGNED NOT NULL,
  `customer_id` bigint(20) UNSIGNED NOT NULL,
  `deleted` tinyint(1) NOT NULL DEFAULT '0'
) ENGINE=InnoDB DEFAULT CHARSET=utf8;

--
-- Dumping data for table `customers_guest`
--

INSERT INTO `customers_guest` (`id`, `customer_id`, `deleted`) VALUES
(1, 6, 0);

-- --------------------------------------------------------

--
-- Table structure for table `customers_registered`
--

CREATE TABLE `customers_registered` (
  `id` bigint(20) UNSIGNED NOT NULL,
  `customer_id` bigint(20) UNSIGNED NOT NULL,
  `email` varchar(255) NOT NULL,
  `password` varchar(255) NOT NULL,
  `last_login` datetime NOT NULL,
  `status` tinyint(1) NOT NULL DEFAULT '1',
  `deleted` tinyint(1) NOT NULL DEFAULT '0'
) ENGINE=InnoDB DEFAULT CHARSET=utf8;

--
-- Dumping data for table `customers_registered`
--

INSERT INTO `customers_registered` (`id`, `customer_id`, `email`, `password`, `last_login`, `status`, `deleted`) VALUES
(1, 1, 'ahmad@amiri.com', '$2a$08$L7fn5UQmTegEFVVCBFdZhOQ5I64Jwm2oQmfmJ1LWvSKNTwdmTSi/K', '0000-00-00 00:00:00', 1, 0),
(2, 2, 'aftab.soft@yahoo.com', '$2a$08$fJCUtPUyFB3iBL/MpD0ojOZNl4kCfeUlPwow1qzBQR5/G4iCW11eC', '0000-00-00 00:00:00', 1, 0),
(3, 3, 'mrturki@gmail.com', '$2a$08$YVyPezYqCyqNw949DttN2.DuP8GHCDJYxVF44Tom4d8BrZIrFH7iO', '0000-00-00 00:00:00', 1, 0),
(4, 4, 'test@test.com', '$2a$08$qbh44JsRP4CH.dAGugEz4OvBappxSCng/C2WfU0y6u4r4VHNoU7wO', '0000-00-00 00:00:00', 1, 0),
(5, 5, 'demo@demo.com', '$2a$08$UrI1E.kQdwmyuspYjJSMRed0OiXoFlEYPwL6ZwGZY1etQ59V2drrC', '0000-00-00 00:00:00', 1, 0),
(6, 7, 'mj.mahdawi@gmail.com', '$2a$08$5v46xyPpeJoOIn.8ddUAs.r2uNFxfYQZt2tnfXknz9Sm3vpPqoOou', '0000-00-00 00:00:00', 1, 0);

-- --------------------------------------------------------

--
-- Table structure for table `faqs`
--

CREATE TABLE `faqs` (
  `id` bigint(20) UNSIGNED NOT NULL,
  `title` varchar(1000) CHARACTER SET latin1 NOT NULL,
  `description` text CHARACTER SET latin1 NOT NULL,
  `status` tinyint(1) DEFAULT '1',
  `deleted` tinyint(1) NOT NULL DEFAULT '0',
  `created_at` datetime NOT NULL,
  `updated_at` datetime NOT NULL
) ENGINE=InnoDB DEFAULT CHARSET=utf8;

-- --------------------------------------------------------

--
-- Table structure for table `groups`
--

CREATE TABLE `groups` (
  `id` mediumint(8) UNSIGNED NOT NULL,
  `name` varchar(20) COLLATE utf8_unicode_ci NOT NULL,
  `description` varchar(100) COLLATE utf8_unicode_ci NOT NULL,
  `status` tinyint(1) NOT NULL DEFAULT '1',
  `deleted` tinyint(1) NOT NULL DEFAULT '0',
  `date_created` datetime NOT NULL,
  `date_updated` datetime NOT NULL
) ENGINE=InnoDB DEFAULT CHARSET=utf8 COLLATE=utf8_unicode_ci;

--
-- Dumping data for table `groups`
--

INSERT INTO `groups` (`id`, `name`, `description`, `status`, `deleted`, `date_created`, `date_updated`) VALUES
(1, 'admin', 'admin', 1, 0, '0000-00-00 00:00:00', '0000-00-00 00:00:00');

-- --------------------------------------------------------

--
-- Table structure for table `group_access`
--

CREATE TABLE `group_access` (
  `group_access_id` bigint(20) UNSIGNED NOT NULL,
  `group_id` mediumint(8) UNSIGNED NOT NULL,
  `module_id` bigint(20) NOT NULL,
  `access_id` bigint(20) NOT NULL,
  `status` tinyint(4) NOT NULL DEFAULT '1',
  `deleted` tinyint(6) NOT NULL DEFAULT '0'
) ENGINE=InnoDB DEFAULT CHARSET=utf8 COLLATE=utf8_unicode_ci;

--
-- Dumping data for table `group_access`
--

INSERT INTO `group_access` (`group_access_id`, `group_id`, `module_id`, `access_id`, `status`, `deleted`) VALUES
(1, 1, 1, 1, 1, 0),
(2, 1, 3, 2, 1, 0),
(3, 1, 3, 3, 1, 0),
(4, 1, 3, 4, 1, 0),
(5, 1, 3, 5, 1, 0),
(6, 1, 4, 6, 1, 0),
(7, 1, 4, 7, 1, 0),
(8, 1, 4, 8, 1, 0),
(9, 1, 4, 9, 1, 0),
(10, 1, 5, 10, 1, 0),
(11, 1, 5, 11, 1, 0),
(12, 1, 5, 12, 1, 0),
(13, 1, 5, 13, 1, 0),
(14, 1, 7, 14, 1, 0),
(15, 1, 7, 15, 1, 0),
(16, 1, 7, 16, 1, 0),
(17, 1, 7, 17, 1, 0),
(18, 1, 8, 18, 1, 0),
(19, 1, 8, 19, 1, 0),
(20, 1, 8, 20, 1, 0),
(21, 1, 8, 21, 1, 0),
(22, 1, 9, 22, 1, 0),
(23, 1, 9, 23, 1, 0),
(24, 1, 9, 24, 1, 0),
(25, 1, 9, 25, 1, 0),
(26, 1, 11, 26, 1, 0),
(27, 1, 11, 27, 1, 0),
(28, 1, 11, 28, 1, 0),
(29, 1, 11, 29, 1, 0),
(30, 1, 12, 30, 1, 0),
(31, 1, 12, 31, 1, 0),
(32, 1, 12, 32, 1, 0),
(33, 1, 12, 33, 1, 0),
(34, 1, 13, 34, 1, 0),
(35, 1, 14, 35, 1, 0),
(36, 1, 14, 36, 1, 0),
(37, 1, 14, 37, 1, 0),
(38, 1, 14, 38, 1, 0),
(39, 1, 15, 39, 1, 0),
(40, 1, 15, 40, 1, 0),
(41, 1, 15, 41, 1, 0),
(42, 1, 15, 42, 1, 0),
(43, 1, 11, 43, 1, 0),
(44, 1, 11, 44, 1, 0),
(45, 1, 11, 45, 1, 0),
(46, 1, 11, 46, 1, 0),
(47, 1, 17, 47, 1, 0),
(48, 1, 18, 48, 1, 0),
(49, 1, 19, 49, 1, 0),
(50, 1, 20, 50, 1, 0),
(51, 1, 21, 51, 1, 0),
(52, 1, 22, 52, 1, 0),
(53, 1, 23, 53, 1, 0),
(54, 1, 23, 54, 1, 0),
(55, 1, 23, 55, 1, 0),
(56, 1, 23, 56, 1, 0),
(57, 1, 24, 57, 1, 0),
(58, 1, 25, 58, 1, 0),
(59, 1, 27, 59, 1, 0),
(60, 1, 27, 60, 1, 0),
(61, 1, 27, 61, 1, 0),
(62, 1, 27, 62, 1, 0),
(63, 1, 29, 63, 1, 0),
(64, 1, 29, 64, 1, 0),
(65, 1, 29, 65, 1, 0),
(66, 1, 29, 66, 1, 0),
(67, 1, 30, 67, 1, 0),
(68, 1, 30, 68, 1, 0),
(69, 1, 30, 69, 1, 0),
(70, 1, 30, 70, 1, 0),
(71, 2, 1, 1, 1, 0),
(72, 3, 1, 1, 1, 0),
(73, 1, 35, 71, 1, 0),
(74, 1, 36, 72, 1, 0),
(75, 1, 37, 73, 1, 0),
(76, 1, 39, 74, 1, 0),
(77, 1, 40, 75, 1, 0),
(78, 1, 41, 76, 1, 0);

-- --------------------------------------------------------

--
-- Table structure for table `language`
--

CREATE TABLE `language` (
  `language_id` int(11) NOT NULL,
  `name` varchar(100) CHARACTER SET utf8 COLLATE utf8_unicode_ci NOT NULL,
  `code` varchar(100) CHARACTER SET utf8 COLLATE utf8_unicode_ci DEFAULT NULL,
  `status` tinyint(1) NOT NULL DEFAULT '1',
  `deleted` tinyint(1) NOT NULL DEFAULT '0'
) ENGINE=InnoDB DEFAULT CHARSET=utf8;

--
-- Dumping data for table `language`
--

INSERT INTO `language` (`language_id`, `name`, `code`, `status`, `deleted`) VALUES
(1, 'French', 'french', 1, 0),
(2, 'Portuguese', 'portuguese', 1, 0),
(3, 'Russian', 'russian', 1, 0),
(4, 'Spanish', 'spanish', 1, 0),
(5, 'English', 'english', 1, 0),
(6, 'German', 'german', 1, 0),
(7, 'Japanese', 'japanese', 1, 0);

-- --------------------------------------------------------

--
-- Table structure for table `modules`
--

CREATE TABLE `modules` (
  `module_id` bigint(20) NOT NULL,
  `module_name` varchar(200) COLLATE utf8_unicode_ci NOT NULL,
  `module_desc` text COLLATE utf8_unicode_ci NOT NULL,
  `parent_id` bigint(20) NOT NULL DEFAULT '0',
  `url` varchar(255) COLLATE utf8_unicode_ci NOT NULL,
  `show_menu` tinyint(1) NOT NULL DEFAULT '1',
  `menu_order` int(11) NOT NULL DEFAULT '0',
  `menu_css` varchar(100) COLLATE utf8_unicode_ci DEFAULT NULL,
  `status` tinyint(1) NOT NULL DEFAULT '1',
  `created_date` datetime NOT NULL,
  `modified_date` timestamp NOT NULL DEFAULT CURRENT_TIMESTAMP ON UPDATE CURRENT_TIMESTAMP
) ENGINE=InnoDB DEFAULT CHARSET=utf8 COLLATE=utf8_unicode_ci;

--
-- Dumping data for table `modules`
--

INSERT INTO `modules` (`module_id`, `module_name`, `module_desc`, `parent_id`, `url`, `show_menu`, `menu_order`, `menu_css`, `status`, `created_date`, `modified_date`) VALUES
(1, 'Dashboard', '', 0, 'admin/console', 1, 0, 'glyphicon glyphicon-home', 1, '0000-00-00 00:00:00', '2015-10-04 12:44:57'),
(2, 'Product Section', '', 0, '#', 1, 3, 'glyphicon-cutlery', 1, '0000-00-00 00:00:00', '2018-08-21 20:00:14'),
(3, 'Cuisine', '', 2, 'admin/cuisine', 0, 2, NULL, 1, '0000-00-00 00:00:00', '2016-08-01 10:10:54'),
(4, 'product Categories', '', 2, 'admin/product_category', 1, 3, NULL, 1, '0000-00-00 00:00:00', '2015-10-01 11:00:12'),
(5, 'product Items', '', 2, 'admin/product', 1, 4, NULL, 1, '0000-00-00 00:00:00', '2015-10-01 11:00:02'),
(6, 'Location', '', 0, '#', 0, 5, 'glyphicon-road   ', 1, '0000-00-00 00:00:00', '2016-08-01 10:11:23'),
(7, 'State', '', 6, 'admin/location/state', 0, 6, NULL, 1, '0000-00-00 00:00:00', '2016-08-01 10:11:33'),
(8, 'City', '', 6, 'admin/location/city', 0, 7, NULL, 1, '0000-00-00 00:00:00', '2016-08-01 10:11:35'),
(9, 'Delivery Locations', '', 6, 'admin/location/zipcode', 0, 8, NULL, 1, '0000-00-00 00:00:00', '2016-08-01 10:11:38'),
(10, 'CMS', '', 0, '#', 1, 10, 'glyphicon-search', 1, '0000-00-00 00:00:00', '2015-10-16 04:25:06'),
(11, 'Menu manager', '', 10, 'admin/cms/menu', 1, 10, NULL, 1, '0000-00-00 00:00:00', '2015-10-01 12:03:10'),
(12, 'Page manager', '', 10, 'admin/cms/page', 1, 11, NULL, 1, '0000-00-00 00:00:00', '2015-10-01 12:03:41'),
(13, 'File browser', '', 10, 'admin/cms/file_browser', 0, 12, NULL, 1, '0000-00-00 00:00:00', '2015-10-27 09:33:37'),
(14, ' Career', '', 10, 'admin/cms/job', 0, 13, NULL, 1, '0000-00-00 00:00:00', '2015-10-30 16:15:31'),
(15, 'Blog', '', 10, 'admin/cms/blog', 1, 14, NULL, 1, '0000-00-00 00:00:00', '2015-10-01 12:06:20'),
(16, 'Settings', '', 0, '#', 1, 15, 'glyphicon glyphicon-wrench', 1, '0000-00-00 00:00:00', '2015-10-13 05:16:24'),
(17, 'Store Settings', '', 16, 'admin/settings/store', 1, 16, NULL, 1, '0000-00-00 00:00:00', '2015-10-13 05:21:53'),
(18, 'Working Hours', '', 16, 'admin/settings/working_hours', 1, 17, NULL, 1, '0000-00-00 00:00:00', '2015-10-13 05:22:30'),
(19, 'Social Media', '', 16, 'admin/settings/social_media', 1, 18, NULL, 1, '0000-00-00 00:00:00', '2015-10-13 05:31:00'),
(20, 'Payment Settings', '', 16, 'admin/settings/payment', 1, 19, NULL, 1, '0000-00-00 00:00:00', '2016-07-20 06:35:24'),
(21, 'Other Settings', '', 16, '#', 0, 19, NULL, 1, '0000-00-00 00:00:00', '2015-10-27 09:32:51'),
(22, 'Email Settings', '', 16, 'admin/settings/email', 1, 19, NULL, 1, '0000-00-00 00:00:00', '2016-07-20 06:38:25'),
(23, 'Coupons', '', 0, 'admin/coupons', 1, 9, 'glyphicon glyphicon-check', 1, '0000-00-00 00:00:00', '2016-09-18 06:49:47'),
(24, 'Customers', '', 0, 'admin/customer', 1, 0, ' glyphicon glyphicon-user', 1, '0000-00-00 00:00:00', '2016-07-28 10:19:17'),
(25, 'Orders', '', 0, 'admin/order', 1, 2, 'glyphicon glyphicon-piggy-bank', 1, '0000-00-00 00:00:00', '2016-08-01 16:44:06'),
(26, 'Users', '', 0, '#', 1, 20, 'glyphicon glyphicon-eye-open', 1, '0000-00-00 00:00:00', '2016-08-01 10:08:23'),
(27, 'Users', '', 26, 'admin/user/user', 1, 21, NULL, 1, '0000-00-00 00:00:00', '2016-08-01 10:08:59'),
(29, 'Groups', '', 26, 'admin/user/group', 0, 23, NULL, 1, '0000-00-00 00:00:00', '2016-08-01 10:08:55'),
(30, 'kitchen', '', 0, 'admin/kitchen', 2, 5, 'dfs', 1, '0000-00-00 00:00:00', '2016-07-20 05:32:43'),
(35, 'Order Settings', '', 16, 'admin/settings/Order', 1, 16, NULL, 1, '0000-00-00 00:00:00', '2016-07-25 11:47:56'),
(36, 'SMS Settings', '', 16, 'admin/settings/SMS', 1, 19, NULL, 1, '0000-00-00 00:00:00', '2016-07-25 11:47:20'),
(37, 'FAQS', '', 0, 'admin/faqs', 1, 24, ' glyphicon glyphicon-bullhorn', 1, '0000-00-00 00:00:00', '2016-07-21 10:03:16'),
(39, 'Customer Reviews', '', 0, 'admin/review', 1, 25, 'glyphicon glyphicon-record', 1, '0000-00-00 00:00:00', '2016-08-06 15:54:47'),
(40, 'Reservations', '', 0, 'admin/reservation', 1, 26, 'glyphicon glyphicon-tasks', 1, '0000-00-00 00:00:00', '2016-08-01 10:10:41'),
(41, 'Menus Layouts', '', 16, 'admin/settings/Layouts', 1, 23, NULL, 1, '0000-00-00 00:00:00', '2016-07-27 11:14:41');

-- --------------------------------------------------------

--
-- Table structure for table `module_access`
--

CREATE TABLE `module_access` (
  `access_id` bigint(20) NOT NULL,
  `module_id` bigint(20) NOT NULL,
  `access_name` varchar(200) COLLATE utf8_unicode_ci NOT NULL,
  `show_to_all` tinyint(1) NOT NULL DEFAULT '0',
  `status` tinyint(1) NOT NULL DEFAULT '1'
) ENGINE=InnoDB DEFAULT CHARSET=utf8 COLLATE=utf8_unicode_ci;

--
-- Dumping data for table `module_access`
--

INSERT INTO `module_access` (`access_id`, `module_id`, `access_name`, `show_to_all`, `status`) VALUES
(1, 1, 'List Dashboard', 0, 1),
(2, 3, 'Add Cuisine', 0, 1),
(3, 3, 'Edit Cuisine', 0, 1),
(4, 3, 'List Cuisine', 0, 1),
(5, 3, 'Delete Cuisine', 0, 1),
(6, 4, 'Add product Category', 0, 1),
(7, 4, 'Edit product Category', 0, 1),
(8, 4, 'List product Category', 0, 1),
(9, 4, 'Delete product Category', 0, 1),
(10, 5, 'Add product Items', 0, 1),
(11, 5, 'Edit product Items', 0, 1),
(12, 5, 'List product Items', 0, 1),
(13, 5, 'Delete product Items', 0, 1),
(14, 7, 'Add State', 0, 1),
(15, 7, 'Edit State', 0, 1),
(16, 7, 'List State', 0, 1),
(17, 7, 'Delete State', 0, 1),
(18, 8, 'Add City', 0, 1),
(19, 8, 'Edit City', 0, 1),
(20, 8, 'Delete City', 0, 1),
(21, 8, 'List City', 0, 1),
(22, 9, 'Add Zipcode', 0, 1),
(23, 9, 'Edit Zipcode', 0, 1),
(24, 9, 'List Zipcode', 0, 1),
(25, 9, 'Delete Zipcode', 0, 1),
(26, 11, 'Add Menu', 0, 1),
(27, 11, 'Edit Menu', 0, 1),
(28, 11, 'List Menu', 0, 1),
(29, 11, 'Delete Menu', 0, 1),
(30, 12, 'Add Page', 0, 1),
(31, 12, 'Edit Page', 0, 1),
(32, 12, 'List Page', 0, 1),
(33, 12, 'Delete Page', 0, 1),
(34, 13, 'List Files', 0, 1),
(35, 14, 'Add Carrer', 0, 1),
(36, 14, 'Edit Career', 0, 1),
(37, 14, 'List Carrer', 0, 1),
(38, 14, 'Delete Career', 0, 1),
(39, 15, 'Add Blog', 0, 1),
(40, 15, 'Edit Blog', 0, 1),
(41, 15, 'List Blog', 0, 1),
(42, 15, 'Delete Blog', 0, 1),
(43, 11, 'Add Menu', 0, 1),
(44, 11, 'Edit Menu', 0, 1),
(45, 11, 'List Menu', 0, 1),
(46, 11, 'Delete Menu', 0, 1),
(47, 17, 'Edit Store Settings', 0, 1),
(48, 18, 'Edit Working Hours', 0, 1),
(49, 19, 'Edit Social Media', 0, 1),
(50, 20, 'Edit Payment Status', 0, 1),
(51, 21, 'Update Other Settings', 0, 1),
(52, 22, 'Update Email Settings', 0, 1),
(53, 23, 'Add Coupons', 0, 1),
(54, 23, 'Edit Coupons', 0, 1),
(55, 23, 'List Coupons', 0, 1),
(56, 23, 'Delete Coupons', 0, 1),
(57, 24, 'List Customers', 0, 1),
(58, 25, 'List Orders', 0, 1),
(59, 27, 'List Users', 0, 1),
(60, 27, 'Add Users', 0, 1),
(61, 27, 'Edit Users', 0, 1),
(62, 27, 'Delete Users', 0, 1),
(63, 29, 'Add Groups', 0, 1),
(64, 29, 'Edit Groups', 0, 1),
(65, 29, 'List Groups', 0, 1),
(66, 29, 'Delete Groups', 0, 1),
(67, 30, 'Add Kitchen', 0, 1),
(68, 30, 'Edit Kitchen', 0, 1),
(69, 30, 'List Kitchen', 0, 1),
(70, 30, 'Delete Kitchen', 0, 1),
(71, 35, 'Delete order', 0, 1),
(72, 36, 'Delete SMS', 0, 1),
(73, 37, 'List FAQS', 0, 1),
(74, 39, 'List Customer Review', 0, 1),
(75, 40, 'List reservation', 0, 1),
(76, 41, 'List Layouts', 0, 1);

-- --------------------------------------------------------

--
-- Table structure for table `ms_product_type`
--

CREATE TABLE `ms_product_type` (
  `ms_product_type_id` bigint(20) UNSIGNED NOT NULL,
  `name` varchar(100) NOT NULL,
  `status` tinyint(1) NOT NULL DEFAULT '1',
  `deleted` tinyint(1) DEFAULT '0'
) ENGINE=InnoDB DEFAULT CHARSET=utf8;

--
-- Dumping data for table `ms_product_type`
--

INSERT INTO `ms_product_type` (`ms_product_type_id`, `name`, `status`, `deleted`) VALUES
(1, 'Not applicable', 1, 0),
(2, 'Veggy', 1, 0),
(3, 'Spicy', 1, 0);

-- --------------------------------------------------------

--
-- Table structure for table `order`
--

CREATE TABLE `order` (
  `order_id` bigint(20) UNSIGNED NOT NULL,
  `order_reference` varchar(30) CHARACTER SET latin1 NOT NULL,
  `customer_id` bigint(20) UNSIGNED DEFAULT NULL,
  `address_id` bigint(20) UNSIGNED NOT NULL,
  `guest_checkout` tinyint(4) NOT NULL DEFAULT '0' COMMENT '1 - Yes, 0 - No',
  `tax` double NOT NULL,
  `tax_amount` double NOT NULL,
  `delivery_charge` double NOT NULL,
  `subtotal` double NOT NULL,
  `payed_amount` double DEFAULT NULL,
  `payment_status` tinyint(4) DEFAULT NULL COMMENT '0 - Incomplete, 1 - Complete',
  `payment_mode` varchar(20) CHARACTER SET latin1 DEFAULT NULL,
  `checkout_type` tinyint(1) NOT NULL,
  `is_preorder` tinyint(1) NOT NULL DEFAULT '0',
  `preorder_date` date DEFAULT NULL,
  `preorder_time` varchar(255) DEFAULT NULL,
  `coupon_id` int(11) DEFAULT NULL,
  `coupon_discount` decimal(10,0) DEFAULT NULL,
  `order_date` datetime NOT NULL,
  `order_status` tinyint(1) NOT NULL DEFAULT '0',
  `deleted` tinyint(4) NOT NULL DEFAULT '0'
) ENGINE=InnoDB DEFAULT CHARSET=utf8;

--
-- Dumping data for table `order`
--

INSERT INTO `order` (`order_id`, `order_reference`, `customer_id`, `address_id`, `guest_checkout`, `tax`, `tax_amount`, `delivery_charge`, `subtotal`, `payed_amount`, `payment_status`, `payment_mode`, `checkout_type`, `is_preorder`, `preorder_date`, `preorder_time`, `coupon_id`, `coupon_discount`, `order_date`, `order_status`, `deleted`) VALUES
(1, '86942', 1, 1, 1, 2.5, 2, 0, 80, 82, 1, 'Cash', 1, 0, NULL, NULL, NULL, NULL, '2018-04-10 15:35:16', 2, 0),
(2, '43185', 2, 2, 1, 2.5, 1.25, 0, 50, 51.25, 1, 'Cash', 1, 0, NULL, NULL, NULL, NULL, '2018-04-10 15:46:40', 4, 0),
(3, '43827', 1, 3, 1, 2.5, 1.25, 0, 50, 51.25, 0, 'Card', 1, 0, NULL, NULL, NULL, NULL, '2018-03-05 14:21:55', 0, 0),
(4, '19572', 2, 4, 1, 2.5, 6.75, 0, 270, 141.75, 1, 'Cash', 1, 0, NULL, NULL, 1, '135', '2018-03-05 14:39:32', 4, 0),
(5, '95238', 1, 5, 1, 2.5, 1.25, 0, 50, 51.25, 0, 'Card', 1, 0, NULL, NULL, NULL, NULL, '2018-03-05 14:46:20', 0, 0),
(6, '60425', 1, 6, 1, 2.5, 1.25, 0, 50, 51.25, 1, 'Cash', 1, 0, NULL, NULL, NULL, NULL, '2018-03-12 15:05:41', 3, 0),
(7, '39154', 1, 7, 1, 2.5, 2.5, 0, 100, 22.5, 0, 'Card', 1, 0, NULL, NULL, 2, '80', '2018-03-12 15:51:46', 0, 0),
(8, '02967', 1, 8, 1, 2.5, 0.375, 0, 15, 15.375, 1, 'Cash', 1, 0, NULL, NULL, NULL, NULL, '2018-03-19 00:31:24', 2, 0),
(9, '21396', 1, 9, 1, 2.5, 0.75, 0, 30, 30.75, 1, 'Cash', 1, 0, NULL, NULL, NULL, NULL, '2018-03-19 01:01:57', 1, 0),
(10, '45637', 1, 10, 1, 2.5, 1.25, 0, 50, 51.25, 1, 'Cash', 1, 0, NULL, NULL, NULL, NULL, '2018-03-19 01:05:36', 2, 0),
(11, '61590', 1, 11, 1, 2.5, 135, 0, 5400, 5535, 1, 'Cash', 1, 0, NULL, NULL, NULL, NULL, '2018-03-19 18:07:49', 4, 0),
(12, '17328', 1, 12, 1, 2.5, 8.625, 0, 345, 353.625, 1, 'Cash', 1, 0, NULL, NULL, NULL, NULL, '2018-03-19 18:15:59', 1, 0),
(13, '71320', 1, 13, 1, 2.5, 1.25, 0, 50, 51.25, 0, 'Card', 1, 0, NULL, NULL, NULL, NULL, '2018-03-20 14:59:42', 0, 0),
(14, '75810', 1, 14, 1, 2.5, 1.25, 0, 50, 51.25, 1, 'Cash', 1, 0, NULL, NULL, NULL, NULL, '2018-03-20 15:05:11', 1, 0),
(15, '15286', 1, 15, 1, 2.5, 12.5, 0, 500, 62.5, 1, 'Cash', 1, 0, NULL, NULL, 3, '450', '2018-03-20 15:06:57', 4, 0),
(16, '82067', 2, 16, 1, 2.5, 0.75, 0, 30, 30.75, 1, 'Cash', 1, 0, NULL, NULL, NULL, NULL, '2018-04-10 12:56:28', 1, 0),
(17, '95268', 1, 17, 1, 2.5, 6.75, 0, 270, 276.75, 1, 'Cash', 1, 0, NULL, NULL, NULL, NULL, '2018-04-10 13:30:15', 1, 0),
(18, '90754', 1, 18, 1, 2.5, 1.25, 0, 50, 51.25, 1, 'Cash', 1, 0, NULL, NULL, NULL, NULL, '2018-04-10 14:23:57', 1, 0),
(19, '37541', 1, 1, 1, 2.5, 0.825, 0, 33, 33.825, 1, 'Cash', 1, 0, NULL, NULL, NULL, NULL, '2018-03-01 15:10:35', 4, 0),
(20, '48921', 1, 2, 1, 2.5, 20.25, 0, 810, 830.25, 1, 'Cash', 1, 0, NULL, NULL, NULL, NULL, '2018-03-05 14:13:15', 4, 0),
(21, '43216', 2, 19, 1, 2.5, 2.5, 0, 100, 102.5, 1, 'Cash', 1, 0, NULL, NULL, NULL, NULL, '2018-04-10 16:47:20', 4, 0),
(22, '14928', 3, 20, 1, 2.5, 2.125, 0, 85, 6.375, 0, 'Card', 1, 0, NULL, NULL, 1, '81', '2018-04-10 17:21:56', 0, 0),
(23, '51324', 1, 21, 1, 2.5, 3.75, 0, 150, 153.75, 1, 'Cash', 1, 0, NULL, NULL, NULL, NULL, '2018-04-11 06:15:27', 1, 0),
(24, '62971', 1, 22, 1, 2.5, 3.75, 0, 150, 153.75, 1, 'Cash', 1, 0, NULL, NULL, NULL, NULL, '2018-04-11 06:17:56', 1, 0),
(25, '94371', 1, 23, 1, 2.5, 2.625, 0, 105, 107.625, 1, 'Cash', 1, 0, NULL, NULL, NULL, NULL, '2018-04-11 06:18:26', 1, 0),
(26, '51307', 1, 24, 1, 2.5, 1.75, 0, 70, 71.75, 1, 'Cash', 1, 0, NULL, NULL, NULL, NULL, '2018-04-11 06:20:14', 1, 0),
(27, '56293', 2, 25, 1, 2.5, 2.625, 0, 105, 107.625, 1, 'Cash', 1, 0, NULL, NULL, NULL, NULL, '2018-04-11 06:22:54', 1, 0),
(28, '98670', 2, 26, 1, 2.5, 4.125, 0, 165, 169.125, 1, 'Cash', 1, 0, NULL, NULL, NULL, NULL, '2018-04-11 06:28:19', 1, 0),
(29, '18045', 6, 27, 1, 2.5, 3.75, 0, 150, 153.75, 1, 'Cash', 1, 0, NULL, NULL, NULL, NULL, '2018-04-14 23:31:44', 4, 0),
(30, '65724', 1, 28, 1, 2.5, 5, 0, 200, 205, 1, 'Cash', 1, 0, NULL, NULL, NULL, NULL, '2018-04-24 01:18:27', 4, 0),
(31, '41897', 1, 29, 1, 2.5, 15, 0, 600, 615, 1, 'Cash', 1, 0, NULL, NULL, NULL, NULL, '2018-05-22 11:23:49', 2, 0),
(32, '83912', 1, 30, 1, 2.5, 1.25, 0, 50, 51.25, 0, 'Card', 1, 0, NULL, NULL, NULL, NULL, '2018-05-22 11:26:53', 0, 0),
(33, '67854', 1, 31, 1, 2.5, 1575, 0, 63000, 64575, 1, 'Cash', 1, 0, NULL, NULL, NULL, NULL, '2018-09-18 20:34:00', 4, 0);

-- --------------------------------------------------------

--
-- Table structure for table `orders_items_modifiers`
--

CREATE TABLE `orders_items_modifiers` (
  `id` bigint(20) UNSIGNED NOT NULL,
  `order_item_id` bigint(20) UNSIGNED NOT NULL,
  `modifier_id` bigint(20) UNSIGNED NOT NULL,
  `modifier_name` varchar(255) NOT NULL,
  `item_id` bigint(20) UNSIGNED NOT NULL,
  `item_name` varchar(255) NOT NULL,
  `item_price` double DEFAULT NULL
) ENGINE=InnoDB DEFAULT CHARSET=latin1;

--
-- Dumping data for table `orders_items_modifiers`
--

INSERT INTO `orders_items_modifiers` (`id`, `order_item_id`, `modifier_id`, `modifier_name`, `item_id`, `item_name`, `item_price`) VALUES
(1, 32, 1, 'mr.turki', 4, 'sarthak', 10),
(2, 32, 2, 'mr.turki', 2, 'himdakshi ', 25);

-- --------------------------------------------------------

--
-- Table structure for table `order_address`
--

CREATE TABLE `order_address` (
  `address_id` bigint(20) UNSIGNED NOT NULL,
  `first_name` varchar(255) CHARACTER SET latin1 NOT NULL,
  `last_name` varchar(255) CHARACTER SET latin1 NOT NULL,
  `email` varchar(255) CHARACTER SET latin1 NOT NULL,
  `phone` varchar(20) CHARACTER SET latin1 NOT NULL,
  `city` varchar(255) CHARACTER SET latin1 NOT NULL,
  `zipcode` varchar(10) CHARACTER SET latin1 NOT NULL,
  `address_line_1` varchar(255) CHARACTER SET latin1 DEFAULT NULL,
  `address_line_2` varchar(255) CHARACTER SET latin1 DEFAULT NULL,
  `deleted` tinyint(1) NOT NULL DEFAULT '0'
) ENGINE=InnoDB DEFAULT CHARSET=utf8;

--
-- Dumping data for table `order_address`
--

INSERT INTO `order_address` (`address_id`, `first_name`, `last_name`, `email`, `phone`, `city`, `zipcode`, `address_line_1`, `address_line_2`, `deleted`) VALUES
(1, 'Ahmad Farzad', 'Amiri', 'ahmad@amiri.com', '+919916510', 'Herat', '560029', 'Christ', 'University', 0),
(2, 'Farzad', 'Amiri', 'aftab.soft@yahoo.com', '+919916510', 'Herat', '560029', 'Christ', 'University', 0),
(3, 'Himakshi', 'Bagaria', 'himakshi@gmail.com', '1234567890', 'Delhi', '560029', 'Christ', 'University', 0),
(4, 'jgfscay', 'kdhj', 'ce@fh.com', '75658752222', 'dcf', '756757', 'kjshdcuig', 'ughafugaeq', 0),
(5, 'Himakshi', 'Bagaria', 'himakshi@gmail.com', '1234567890', 'Delhi', '560029', 'dsf', 'sfs', 0),
(6, 'Himakshi', 'Bagaria', 'himakshi@gmail.com', '1234567890', 'Delhi', '560029', 'kormangala', 'christ', 0),
(7, 'Himakshi', 'Bagaria', 'himakshi@gmail.com', '1234567890', 'Delhi', '560029', 'christ', 'University', 0),
(8, 'Himakshi', 'Bagaria', 'himakshi@gmail.com', '1234567890', 'Delhi', '560029', 'Christ', 'University', 0),
(9, 'Himakshi', 'Bagaria', 'himakshi@gmail.com', '9916510305', 'Delhi', '560029', 'Christ', 'University', 0),
(10, 'Himakshi', 'Bagaria', 'himakshi@gmail.com', '9916510305', 'Delhi', '560029', 'Christ', 'University', 0),
(11, 'Himakshi', 'Bagaria', 'himakshi@gmail.com', '+919916510305', 'Delhi', '560029', 'Christ', 'University', 0),
(12, 'Himakshi', 'Bagaria', 'himakshi@gmail.com', '+919916510305', 'Delhi', '560029', 'Christ', 'University', 0),
(13, 'Himakshi', 'Bagaria', 'himakshi@gmail.com', '+919916510305', 'Delhi', '560029', 'Christ', 'University', 0),
(14, 'Himakshi', 'Bagaria', 'himakshi@gmail.com', '+919916510305', 'Delhi', '560029', 'Christ', 'University', 0),
(15, 'Himakshi', 'Bagaria', 'himakshi@gmail.com', '+919916510305', 'Delhi', '560029', 'Christ', 'University', 0),
(16, 'Ahmad Farzad', 'Amiri', 'ahmad@farzad.amiri', '00919916510305', 'Herat', '560029', 'Christ', 'University', 0),
(17, 'Himakshi', 'Bagaria', 'himakshi@gmail.com', '+919916510305', 'Delhi', '560029', 'Christ', 'Uni', 0),
(18, 'Himakshi', 'Bagaria', 'himakshi@gmail.com', '+919916510305', 'Delhi', '560029', 'Christ', 'Uni', 0),
(19, 'Farzad', 'Amiri', 'aftab.soft@yahoo.com', '+919916510305', 'Herat', '560029', 'Christ', 'University', 0),
(20, 'mr turki', 'saleh', 'mrturki@gmail.com', '9071123075', 'HeratJAN', '129987', 'kormangala', '4th cross', 0),
(21, 'Ahmad Farzad', 'Amiri', 'ahmad@amiri.com', '+919916510305', 'Herat', '560029', 'bia', 'boro', 0),
(22, 'Ahmad Farzad', 'Amiri', 'ahmad@amiri.com', '+919916510305', 'Herat', '560029', 'bia', 'boro', 0),
(23, 'Ahmad Farzad', 'Amiri', 'ahmad@amiri.com', '+919916510305', 'Herat', '560029', 'bia', 'boro', 0),
(24, 'Ahmad Farzad', 'Amiri', 'ahmad@amiri.com', '+919916510305', 'Herat', '560029', 'bia', 'boro', 0),
(25, 'Farzad', 'Amiri', 'aftab.soft@yahoo.com', '+919916510305', 'Herat', '560029', 'bia', 'boro', 0),
(26, 'Farzad', 'Amiri', 'aftab.soft.ltd@gmail.com', '+919916510305', 'Herat', '560029', 'bia', 'boro', 0),
(27, 'demo', 'demo', 'demo@demo.com', '+93799241111', 'kabul', '2201', 'kormangala', 'share now', 0),
(28, 'Ahmad Farzad', 'Amiri', 'ahmad@amiri.com', '+919916510305', 'Herat', '560029', 'Bwn', 'fyjsj', 0),
(29, 'Ahmad Farzad', 'Amiri', 'ahmad@amiri.com', '+919916510305', 'Herat', '560029', 'liyan', 'amiri', 0),
(30, 'Ahmad Farzad', 'Amiri', 'ahmad@amiri.com', '+919916510305', 'Herat', '560029', 'liyan', 'amiri', 0),
(31, 'Ahmad Farzad', 'Amiri', 'ahmad@amiri.com', '+919916510305', 'Herat', '560029', 'egerg', 'reege', 0);

-- --------------------------------------------------------

--
-- Table structure for table `order_items`
--

CREATE TABLE `order_items` (
  `order_item_id` bigint(20) UNSIGNED NOT NULL,
  `order_id` bigint(20) UNSIGNED NOT NULL,
  `item_id` bigint(20) UNSIGNED NOT NULL,
  `quantity` int(11) NOT NULL,
  `price` double NOT NULL,
  `subtotal` double NOT NULL,
  `instruction` varchar(500) DEFAULT NULL
) ENGINE=InnoDB DEFAULT CHARSET=utf8;

--
-- Dumping data for table `order_items`
--

INSERT INTO `order_items` (`order_item_id`, `order_id`, `item_id`, `quantity`, `price`, `subtotal`, `instruction`) VALUES
(1, 1, 1, 1, 30, 30, 'No Onion'),
(2, 1, 1, 1, 50, 50, ''),
(3, 2, 31, 1, 50, 50, ''),
(4, 4, 39, 1, 270, 270, 'extra ghee'),
(5, 5, 31, 1, 50, 50, ''),
(6, 6, 30, 1, 50, 50, ''),
(7, 7, 31, 1, 50, 50, ''),
(8, 7, 30, 1, 50, 50, ''),
(9, 8, 1, 1, 15, 15, ''),
(10, 9, 1, 1, 30, 30, ''),
(11, 10, 30, 1, 50, 50, ''),
(12, 11, 36, -9, 150, -1350, ''),
(13, 11, 38, 45, 150, 6750, ''),
(14, 12, 30, 1, 50, 50, ''),
(15, 12, 34, 2, 70, 140, ''),
(16, 12, 15, 1, 105, 105, 'No onion\r\n'),
(17, 12, 1, 1, 50, 50, ''),
(18, 13, 1, 1, 50, 50, 'No Onion'),
(19, 14, 1, 1, 50, 50, ''),
(20, 15, 1, 10, 50, 500, ''),
(21, 16, 1, 1, 30, 30, 'No Onion'),
(22, 17, 39, 1, 270, 270, ''),
(23, 18, 31, 1, 50, 50, ''),
(24, 21, 35, 1, 100, 100, 'No onion'),
(25, 22, 1, 1, 15, 15, ''),
(26, 22, 34, 1, 70, 70, 'no onion'),
(27, 23, 36, 1, 150, 150, ''),
(28, 24, 36, 1, 150, 150, ''),
(29, 25, 11, 1, 105, 105, ''),
(30, 26, 34, 1, 70, 70, ''),
(31, 27, 10, 1, 105, 105, 'ass a test with sms and mail gateways'),
(32, 28, 40, 1, 130, 165, ''),
(33, 29, 36, 1, 150, 150, ''),
(34, 30, 35, 2, 100, 200, '2jnsfk'),
(35, 31, 35, 6, 100, 600, 'no onion'),
(36, 32, 30, 1, 50, 50, ''),
(37, 33, 73, 14, 4500, 63000, 'grtg');

-- --------------------------------------------------------

--
-- Table structure for table `order_item_size`
--

CREATE TABLE `order_item_size` (
  `id` int(11) NOT NULL,
  `order_item_id` bigint(20) UNSIGNED NOT NULL,
  `size_id` int(11) NOT NULL,
  `price` double NOT NULL
) ENGINE=InnoDB DEFAULT CHARSET=latin1;

--
-- Dumping data for table `order_item_size`
--

INSERT INTO `order_item_size` (`id`, `order_item_id`, `size_id`, `price`) VALUES
(1, 1, 2, 30),
(2, 2, 3, 50),
(3, 17, 3, 50),
(4, 18, 3, 50),
(5, 19, 3, 50),
(6, 20, 3, 50),
(7, 21, 2, 30),
(8, 25, 1, 15),
(9, 32, 2, 130);

-- --------------------------------------------------------

--
-- Table structure for table `payment_tokens`
--

CREATE TABLE `payment_tokens` (
  `id` bigint(20) NOT NULL,
  `order_reference` varchar(10) NOT NULL,
  `token` varchar(60) NOT NULL,
  `created_at` datetime NOT NULL,
  `expire_at` datetime NOT NULL,
  `deleted` tinyint(1) NOT NULL DEFAULT '0'
) ENGINE=InnoDB DEFAULT CHARSET=latin1;

--
-- Dumping data for table `payment_tokens`
--

INSERT INTO `payment_tokens` (`id`, `order_reference`, `token`, `created_at`, `expire_at`, `deleted`) VALUES
(1, '14928', '913c83bbf01d5e2bcb38a9f6d3b1977d', '2018-04-10 17:21:56', '2018-04-10 17:51:56', 0),
(2, '83912', 'e9edf12b74645b0f0dbe604a29585d9d', '2018-05-22 11:26:53', '2018-05-22 11:56:53', 0);

-- --------------------------------------------------------

--
-- Table structure for table `product`
--

CREATE TABLE `product` (
  `product_id` bigint(20) UNSIGNED NOT NULL,
  `product_category_id` bigint(20) UNSIGNED NOT NULL,
  `name` varchar(100) CHARACTER SET utf8 COLLATE utf8_unicode_ci NOT NULL,
  `url_slug` varchar(200) CHARACTER SET utf8 COLLATE utf8_unicode_ci NOT NULL,
  `description` varchar(1000) CHARACTER SET utf8 COLLATE utf8_unicode_ci DEFAULT NULL,
  `price` double NOT NULL,
  `image` varchar(100) CHARACTER SET utf8 COLLATE utf8_unicode_ci DEFAULT NULL,
  `product_type_id` bigint(20) UNSIGNED NOT NULL,
  `status` tinyint(1) NOT NULL DEFAULT '1',
  `deleted` tinyint(1) NOT NULL DEFAULT '0',
  `date_created` datetime NOT NULL,
  `date_updated` datetime NOT NULL,
  `is_featured` tinyint(1) NOT NULL DEFAULT '0',
  `has_different_size` tinyint(4) NOT NULL DEFAULT '0'
) ENGINE=InnoDB DEFAULT CHARSET=utf8;

--
-- Dumping data for table `product`
--

INSERT INTO `product` (`product_id`, `product_category_id`, `name`, `url_slug`, `description`, `price`, `image`, `product_type_id`, `status`, `deleted`, `date_created`, `date_updated`, `is_featured`, `has_different_size`) VALUES
(1, 1, 'Ice cream', 'ice-cream', 'Ice cream is a sweetened frozen food typically eaten as a snack or dessert. It is usually made from dairy products, such as milk and cream, and often combined with fruits or other ingredients and flavors. It is typically sweetened with sugar or sugar substitutes.', 0, 'icecream.jpg', 1, 1, 1, '2016-10-27 11:21:36', '2018-03-19 00:18:16', 1, 1),
(10, 3, 'Onion Ring', 'onion_ring', 'Highly delicious and addictive. Our raw onion rings are delightfully spicy and sweet composition of raw onions covered by fresh dried fruits, species, fresh turmeric and ginger root, garlic, Indian seasoning and sunflower seeds. Eat them by themselves, they are also highly nutritious or have the along your salad or any product you need extra', 105, 'onionring.jpg', 1, 1, 1, '0000-00-00 00:00:00', '0000-00-00 00:00:00', 1, 0),
(11, 3, 'Hulk Zen Bar', 'Hulk_Zen_Bar', 'A mighty bar that make with spirulina, chlorella, wheatgrass, spinach, maca root, lucuma, dried fruits and nut.s Great ingredients that aim to make you feel powerful and focused', 105, 'hulkzenbar.jpg', 1, 1, 1, '0000-00-00 00:00:00', '0000-00-00 00:00:00', 1, 0),
(12, 3, 'Choco Lush', 'Choco_Lush', 'Sumptuousness unleashed!! Radically delicious RAW chocolate mixed with crunchy almonds, yummy raisins, Indian spices, Peruvian maca root, Peruvian mesquite, Lucuma and plenty of LOVE!', 105, 'chocolush.jpg', 1, 1, 1, '0000-00-00 00:00:00', '0000-00-00 00:00:00', 1, 0),
(13, 2, 'Veggie Patty Salad', 'Veggie_Patty_Salad', 'Everything but the bread! Turn any one of your favorite sandwiches into a salad. Add crunch to your meal with chopped lettuce, red onions, tomatoes, cucumbers and much more!', 105, 'veggipattysalad.jpg', 1, 1, 1, '0000-00-00 00:00:00', '0000-00-00 00:00:00', 1, 0),
(14, 2, 'Veggie Delite Salad', 'Veggie_Delite_Salad', 'Everything but the bread! Turn any one of your favorite sandwiches into a salad. Add crunch to your meal with chopped lettuce, red onions, tomatoes, cucumbers and much more!', 105, 'veggiedelitesalad.jpg', 1, 1, 1, '0000-00-00 00:00:00', '0000-00-00 00:00:00', 1, 0),
(15, 2, 'Veg Shammi Salad', 'Veg_Shammi_Salad', 'Everything but the bread! Turn any one of your favorite sandwiches into a salad. Add crunch to your meal with chopped lettuce, red onions, tomatoes, cucumbers and much more!', 105, 'vegshammisalad.jpg', 1, 1, 1, '0000-00-00 00:00:00', '0000-00-00 00:00:00', 1, 0),
(30, 1, 'saffron', 'saffron', 'Saffron is the most expensive spice in the world. It\'s derived from the dried stigmas of the saffron crocus and has a deep auburn colour and sweet flavour. ... Fortunately, a little saffron goes a long way.', 50, 'saffron.jpg', 1, 1, 1, '2018-02-26 00:00:00', '2018-03-19 00:18:34', 1, 0),
(31, 1, 'smores cake in Jar', 'smores-cake-in-jar', 'This Smores Cake is better than the real thing! A graham cracker cake filled with a whipped milk chocolate ganache and topped with toasted marshmallow fluff. ... My plan was to make a naked cake with milk chocolate ganache and marshmallow fluff between each layer', 50, 'smores_cake_in_Jar.jpg', 1, 1, 1, '2018-02-26 00:00:00', '2018-03-19 00:18:44', 1, 0),
(32, 3, ' Roasted Pears With Espresso Mascarpone Cream', 'Roasted_Pears_With_Espresso_Mascarpone_Cream', 'Toss the pear slices with lemon juice in a large bowl; add sugar and toss once again. Transfer to a baking pan large enough to hold the slices in a single layer. Roast, stirring occasionally to prevent scorching, until the pears are tender and golden brown, 25 to 30 minutes.', 99, 'Roasted_Pears_With_Espresso_Mascarpone_Cream.jpg', 1, 1, 1, '2018-02-26 00:00:00', '2018-02-26 00:00:00', 1, 0),
(34, 4, ' Chicago Pizza', 'Chicago_Pizza', 'nlike other styles of pizza, the toppings on a Chicago-style pie are not found directly on top, but instead underneath a layer of tomato sauce', 70, 'Chicago_Pizza.jpg', 1, 1, 1, '2018-02-26 00:00:00', '2018-02-26 00:00:00', 1, 0),
(35, 4, 'Sicilian Pizza', 'Sicilian_Pizza', 'the original Sicilian pizza isn\'t overloaded with toppings. However, the strength of the thick crust is perfect for adding on your guests\' favorite toppings.', 100, 'Sicilian_Pizza.jpg', 1, 1, 1, '2018-02-26 00:00:00', '2018-02-26 00:00:00', 1, 0),
(36, 4, 'Grek piza', 'Greek_Pizza', ' the original Sicilian pizza isn not overloaded with toppings. However, the strength of the thick crust is perfect for adding on your guests favorite toppings', 150, 'Greek_Pizza.jpg', 1, 1, 1, '2018-02-26 00:00:00', '2018-02-26 00:00:00', 1, 0),
(37, 3, 'Grek piza', 'Greek_Pizza', 'As mentioned above, the original Sicilian pizza isn not overloaded with toppings. However, the strength of the thick crust is perfect for adding on your guests favorite toppings', 150, 'Greek_Pizza.jpg', 1, 1, 1, '2018-02-26 00:00:00', '2018-02-26 00:00:00', 1, 0),
(38, 5, 'South indian meal', 'south_indian_meal', 'he similarities among the five states cuisines include the presence of rice as a staple food, the use of lentils and spices, dried red chilies and fresh green chilies, coconut, and native fruits and vegetables including tamarind, plantain, snake gourd, garlic, and ginger.', 150, 'south_indian_meal.jpg', 1, 1, 1, '2018-02-26 00:00:00', '2018-02-26 00:00:00', 1, 0),
(39, 5, 'North indian meal', 'north-indian-meal', 'Much of what you eat in the restaurants in the West—such as naan bread, rotis, samosas, curries such as palak paneer (spinach and cheese) and aloo ghobi (potato and cauliflower), and the like—is North Indian. Spice mixture and powder: Garam masala is the predominant spice mixture used.', 270, 'south_indian_meal.jpg', 1, 1, 1, '2018-02-26 00:00:00', '2018-03-05 14:43:37', 1, 0),
(40, 6, 'turki', 'turki', 'as a test on the day of lab exam', 0, '5c91754b5451ab7324288412cfc767f3.jpg', 3, 1, 1, '2018-04-11 06:08:07', '2018-04-11 06:10:08', 0, 1),
(41, 2, 'mbjkbfjekhkj', 'mbjkbfjekhkj', 'kjefiewgtiet', 80, '', 1, 1, 1, '2018-08-22 00:54:58', '2018-08-22 00:54:58', 1, 0),
(42, 7, 'Hand woven saree', 'hand-woven-saree', '', 9000, 'f279910ada0584472aec833ed7549ff3.jpg', 1, 1, 0, '2018-08-23 18:06:39', '2018-08-24 00:28:28', 1, 0),
(43, 7, 'Hand woven saree WW745GM', 'hand-woven-saree-ww745gm', '', 9957, 'c148aa53fb1d768b68ff81111fc1d206.jpg', 1, 1, 0, '2018-08-23 18:10:32', '2018-08-23 18:10:32', 0, 0),
(44, 7, 'Hand woven saree WW1054GM', 'hand-woven-saree-ww1054gm', '', 11078, '9fe9600c043ebb94311cd130f273a5fe.jpg', 1, 1, 0, '2018-08-23 18:12:28', '2018-08-23 18:12:28', 0, 0),
(45, 7, 'Hand woven stole WW784KT', 'hand-woven-stole-ww784kt', '', 1612, '764d174789e95c5c1a097a170abce694.jpg', 1, 1, 0, '2018-08-23 18:15:03', '2018-08-23 18:15:03', 0, 0),
(46, 7, 'Hand woven stole WW81KT', 'hand-woven-stole-ww81kt', '', 1402, '49aa19b31d5824a3e90127a5032461d3.jpg', 1, 1, 0, '2018-08-23 18:17:15', '2018-08-23 18:17:15', 0, 0),
(47, 7, 'Hand woven stole WW396KT', 'hand-woven-stole-ww396kt', '', 1542, 'b024f365596a8084b8bac7a1ab502546.jpg', 1, 1, 0, '2018-08-23 18:19:07', '2018-08-23 18:19:07', 0, 0),
(48, 7, 'Hand woven yardage WW497GM', 'hand-woven-yardage-ww497gm', '', 981, '1ec12eab467a123eb6ccfdc3db2018f8.jpg', 1, 1, 0, '2018-08-23 18:21:43', '2018-08-23 18:21:43', 0, 0),
(49, 7, 'Hand woven yardage WW554GM', 'hand-woven-yardage-ww554gm', '', 841, '1fe4230a9780f2939a6af3d7bf092d3e.jpg', 1, 1, 0, '2018-08-23 18:26:04', '2018-08-23 18:26:04', 0, 0),
(50, 8, 'Handcrafted Owl Coaster', 'handcrafted-owl-coaster', 'Set of 4 cork- bottomed drinks costars with rounded corners. Durable, high quality and easy to maintain. These are perfect for home entertainment, celebrations and parties.', 360, 'b1d8a078626d77ed08dd20311a553250.jpg', 1, 1, 0, '2018-08-23 18:48:31', '2018-08-23 18:48:31', 1, 0),
(51, 8, 'Embossed Hand Painted Wooden Blue Parrot Jar Set', 'embossed-hand-painted-wooden-blue-parrot-jar-set', 'Hand Crafted By National Award Winner Artist Abshar Husain.Bring this coloured parrot Jar set from our \"BIRD COLLECTION\" in multicolour to elevate the beauty of your dining setup and add an elegance to your kitchen accessory collection.Bring this blue coloured parrot Jar set from our \"BIRD COLLECTION\" in blue colour with emboss coloured handpainting to elevate the beauty of your dinning setup and add an elegancy to your kitchen accessory collection. The beauty of this jar set has handcrafted wooden parrots sitting on top of each jar and on the top of the holder. This refereshener jar set with a tray holder is used to store refresheners, Spices and knick knacks and comes with a spoon. The tray is used to hold all the 4 unique set of parrot jars which has an exquisite way to carry it from the top and a parrot is placed on the top of the holder. ART TYPE: Tota Collection. NOTE: 1) Comes with a) 4 Jars & lids b) 4 spoons c) 1 Tray 2) Wood may have marks/patches which are natural. 3)', 1349, 'fc04e71079ad0980e362421f33ff0bf9.jpg', 1, 1, 0, '2018-08-23 18:50:56', '2018-08-23 18:50:56', 0, 0),
(52, 8, 'Coasters Lemons and Melons series', 'coasters-lemons-and-melons-series', 'Add style to your home with our wacky coasters, designs have been exclusively illustrated for the summer.', 500, '2b7fa08c0a091d74a2f4477f47cf16ba.jpg', 1, 1, 0, '2018-08-23 18:52:25', '2018-08-23 18:52:25', 0, 0),
(53, 8, 'Handcrafted Round Planters', 'handcrafted-round-planters', 'Welcome some greenery indoors and add a touch of class to your home decor or gift it to someone. The planter does not come with any plants in them.', 325, 'd65c1d3a58c7d454bd219d7729333af9.jpg', 1, 1, 0, '2018-08-23 18:54:13', '2018-08-23 18:54:13', 0, 0),
(54, 8, 'The Floating Grasslands Terrarium DIY Kit', 'the-floating-grasslands-terrarium-diy-kit', 'An urban green solution that is a lush terrarium with giraffes and gives an absolute grassland feel to your home! Use your artistic skills to turn this DIY Kit into the terrarium you dreamt of! Make it a centre of attraction in your home and watch your guests go green with envy. Living in urban flats is no long an excuse. Go Green.', 1800, '15349748c5f96d89b52ea2803bf4e0ce.jpg', 1, 1, 0, '2018-08-23 18:56:11', '2018-08-23 18:56:11', 0, 0),
(55, 8, 'Handcrafted Kauna Reed Tissue Box', 'handcrafted-kauna-reed-tissue-box', 'The Tissue Box from Ziveli is certainly a necessary essential for your home or car. Handcrafted by women artisans from Manipur, this trendy, elegant and earthy box comes with a beautiful lock.', 80, '3288b5754ed5320e8e0983e4a18085d5.jpg', 1, 1, 0, '2018-08-23 18:58:28', '2018-08-23 18:58:28', 0, 0),
(56, 8, 'Wooden Panel with Metal Chandelier', 'wooden-panel-with-metal-chandelier', 'Add charm to your room or garden décor. These hanging lights emanate a glow that is refreshing and captivating. The wooden panel accords an ethnic look. Decorations galore. Note: Height of wires are adjustable.', 5300, '481070c0921afc92497b92c302345af1.jpg', 1, 1, 0, '2018-08-23 19:00:03', '2018-08-23 19:00:03', 0, 0),
(57, 8, 'Green Wooden Small Oval Royal Hand Mirror', 'green-wooden-small-oval-royal-hand-mirror', 'This regal hand carved, a handheld mirror is from the ‘Royal Collection’. Handpainted using natural colours, this piece is ideal to carry around in your purse or simply place it as a decorative in your dressing room.', 550, '70272b53fa0acad44b24e4640b967683.jpg', 1, 1, 0, '2018-08-23 19:01:52', '2018-08-23 19:01:52', 0, 0),
(58, 9, 'Handwoven Khadi Pouch (Light Green)', 'handwoven-khadi-pouch-light-green', 'Khadi is a woven journey into the soul of India. Khadi started a symbol of freedom. Today it represents an evolving India.It brings employment to millions of India craftsmen. Khadi represents a sustainable and spiritual way of life. We bring the best of Khadi with impeccable workmanship to create contemporary Accessories. Celebrate India every day with handcrafted Khadi accessories from Clean Planet, The Khadi pouch is a smart way to carry your essentials in eco style.', 400, '8e1a51dae12d619e7c5cc593c3dd3aef.jpg', 1, 1, 0, '2018-08-23 19:06:43', '2018-08-23 19:06:43', 1, 0),
(59, 9, 'Handcrafted Cork Leather Wallet', 'handcrafted-cork-leather-wallet', 'Handcrafted Cork Leather Wallet is made of cork skin. This wallet has signature detailing with dedicated pockets for your cards, cash and other small essentials Fits in 6 cards along with an external zipped enclosure for keeping coins. This product is dirt and water resistant.', 1500, '2809866c9f8060028e558d11d5fc4366.jpg', 1, 1, 0, '2018-08-23 19:07:56', '2018-08-23 19:07:56', 0, 0),
(60, 9, 'Silver Hair Chain (Matha Patti | Tikka | Wedding Hair Accessory)', 'silver-hair-chain-matha-patti-tikka-wedding-hair-accessory', 'This simple headchain in silver and kundan is a classic piece of head jewelry for a minimalist. The combination of the Kundan tikka with layers in silver chain makes it a must have in your wardrobe. Its lightweight and easy to wear and can be worn by young girls or children too.  Perfect wedding or an engagement gift.', 500, '67f364a5e6ceff48409d881441582dba.jpg', 1, 1, 0, '2018-08-23 19:09:34', '2018-08-23 19:09:34', 0, 0),
(61, 9, 'Multicolor Hair Accessory (Boho | Tassels | Flower | Hair Jewellery | Gold Hair Clip)', 'multicolor-hair-accessory-boho-tassels-flower-hair-jewellery-gold-hair-clip', 'A very smart pair of hair accessories made with multicolored tassels and antique gold metallic charms. The beautiful pattern on the sunflower as engraved contrasts beautifully with the multitude of colors on the tassel. Can be paired with the simplest of outfits to add spunk to the look.  These are very light weight,easy to wear and make for a great gift for your loved one.', 420, 'a696c151aa0cadf3183eff5a2096a779.jpg', 1, 1, 0, '2018-08-23 19:10:52', '2018-08-23 19:10:52', 0, 0),
(62, 9, 'Vintage Indian Potli (Set of 2) (Rust & Gold)', 'vintage-indian-potli-set-of-2-rust-gold', 'Vintage Indian Potli impeccably crafted. Great for carrying essentials or gifting. Joy guaranteed. This product supports livelihood program for women. Earn good karma while looking good.', 400, 'bb1db8d42cbbf0cf1d26423df94a274d.jpg', 1, 1, 0, '2018-08-23 19:12:22', '2018-08-23 19:12:22', 0, 0),
(63, 10, 'Red Velvet Brownies (Pack of 4)', 'red-velvet-brownies-pack-of-4', 'A gift box filled with 4 Red Velvet Brownies.', 360, '6a5856cace2377a92b207eb2a94e54cb.jpg', 2, 1, 0, '2018-08-23 19:16:32', '2018-08-24 00:22:57', 1, 0),
(64, 10, 'DIY Hazlenut Brownie', 'diy-hazlenut-brownie', 'Do It Yourself Brownie that is gooey and fills the mouth with richness once baked. Easy to bake by anyone and gives the joy of eating a freshly baked brownie at home.', 650, 'bd4b22296f51649bbd55de61c2931c93.jpeg', 2, 1, 0, '2018-08-23 19:18:02', '2018-08-23 19:18:02', 0, 0),
(65, 10, 'Homemade Marble Chocolate', 'homemade-marble-chocolate', 'A chocolate of a different kind, Ooty Home-made’s marble chocolate is a favourite recipe that has been mastered over time. Thissinful chocolate melts in your mouth, you are transported into another world… a world made of chocolate dreams.', 230, 'bc8cb9fe729b159cf237dc7479c4bb14.jpg', 2, 1, 0, '2018-08-23 19:20:16', '2018-08-23 19:20:16', 0, 0),
(66, 10, 'Homemade Assorted Chocolates', 'homemade-assorted-chocolates', 'Can’t decide which chocolate to order? You want a little rum and raisin and a few roasted cashews. Fancy some butterscotch or the plain old fruit and nut? How about some milk chocolate and those delicious marble chocolates? Or perhaps, some bitter chocolate with the roasted almond ones? That’s right, with our assorted mix, you can enjoy all our special chocolates in one helluva mix! Did we mentioncrispy chocolate too?', 350, '490d572f80f8c0e5d376c5445da8c568.jpg', 2, 1, 0, '2018-08-23 19:22:09', '2018-08-23 19:22:09', 0, 0),
(67, 8, 'Handcrafted Wooden Kum Kum Container (Set of 3)', 'handcrafted-wooden-kum-kum-container-set-of-3', 'These pretty wooden containers laid on a wooden plate are fit to store any powdery contents like haldi or kumkum. The containers and plates, are handmade and handpainted using organic vegetable dyes.', 715, '84c6e38e26e0096b8734611e38720879.jpg', 1, 1, 0, '2018-08-23 19:24:04', '2018-08-23 19:24:04', 0, 0),
(68, 11, 'Soaps Gift Hamper (Pack of 4 Soaps)', 'soaps-gift-hamper-pack-of-4-soaps', 'All four of our classic-line soaps bundled into one beautiful powder blue hamper with pretty pink lotuses and a kantha work inspired gold running stitch print.\r\n\r\nOrange and gram flour for deep-cleansing for oily or oiled skin.\r\nTurmeric and basil - for an anti-acne relaxing and uplifting experience for normal skin.\r\nVanilla and cinnamon - for creamy, seductive vanilla-cinnamon scrubbiness for normal skin.\r\nPatchouli - herb power from the 60s for sensitive skin.', 450, '4866f5ada1c66c870734ce2a6349d9cc.jpg', 1, 1, 0, '2018-08-23 19:42:06', '2018-08-23 19:45:49', 0, 0),
(69, 11, 'Spa Bucket gift hamper', 'spa-bucket-gift-hamper', 'Relax your mind and soothe your body with this rejuvenating hamper. This spa hamper consists of 5 completely organic ingredients.\r\n\r\nContents:\r\n\r\nExfoliating Scrub\r\nFoot Soak\r\nSoap\r\nFoot Softer\r\nBody Scrub', 900, '669abab22816de0e393a04f97cfb2ee0.jpg', 1, 1, 0, '2018-08-23 19:43:59', '2018-08-23 19:43:59', 0, 0),
(70, 11, 'Red and Silver Kundan Zardozi Indian Rakhi Set (Set of 2)', 'red-and-silver-kundan-zardozi-indian-rakhi-set-set-of-2', 'This elegant set of two Rakhis, Handcrafted with Silk Threads (Resham), Golden wires/threads (Zardozi), Beads, Stones and Kundan Elements, are finished with fine great quality threads, these are a keepsake for lasting memories.  Both the Rakhis are free size and can be tied to both children as well as adults', 250, '8affc5816f2efb8ae430b70eecb7278d.jpg', 1, 1, 0, '2018-08-23 19:45:29', '2018-08-23 19:45:29', 1, 0),
(71, 11, 'Handcrafted Wooden Christmas Decoration Balls (Set of 5)', 'handcrafted-wooden-christmas-decoration-balls-set-of-5', 'These beautiful handcrafted Christmas tree decorations are made of wood. The decorations are coated with natural dyes mixed with lacquer. This set is delivered in a pretty package made of the stem of the banana plant.', 340, 'ed2672e10772d56adf6d51e6b6ce5db8.jpg', 1, 1, 0, '2018-08-23 19:46:56', '2018-08-23 19:46:56', 0, 0),
(72, 11, 'Yellow, Orange and Gold Pearl Bead Rakhi (Handcrafted Lumba Rakhi) (Set of 3)', 'yellow-orange-and-gold-pearl-bead-rakhi-handcrafted-lumba-rakhi-set-of-3', 'A very premium set of Rakhis, in shades of yellow complimented with off white pearls. The bracelet form of Rakhi along with the Lumbas with pearls is augmented by a matched thread Rakhi. Handcrafted with Silk Threads (Resham), Pearls, Golden wires/threads (Zardozi), Beads, Stones and finished with fine great quality threads, these Rakhis are great keepsakes.', 450, '967d2f5df75f1bb842d5d926854ff891.jpg', 1, 1, 0, '2018-08-23 19:48:38', '2018-08-23 19:48:38', 0, 0),
(73, 12, 'Cozy Rattan Chair', 'cozy-rattan-chair', 'In keeping with the funky, \'70s bohemian vibe that\'s been infiltrating home decor lately, wicker (and rattan) furniture is on its way back . But this isn\'t your Grandma\'s wicker; these pieces exude casual cool, simultaneously textured and streamlined. If you\'re looking for a wicker or rattan chair to add a bit of that laid back vibe to your living room, look no further than this..', 4500, '5206029eea1457b7a7489ec1dd0d6ff2.jpg', 1, 1, 0, '2018-08-23 19:59:27', '2018-08-24 00:21:29', 1, 0),
(74, 12, 'Diamond Rattan Chair', 'diamond-rattan-chair', 'A bold style handmade chair that really takes advantage of the unique qualities of the medium.', 3500, '3b587a834283cb369d2f0da32999f2de.jpg', 1, 1, 0, '2018-08-23 20:01:21', '2018-08-23 20:01:21', 0, 0),
(75, 12, 'Stone Shape Chair', 'stone-shape-chair', 'For an outdoor  fun and enjoyment of nature with a cup of coffee do not miss this.', 2500, '92e628a946068f0623392d198634a2c0.jpg', 1, 1, 0, '2018-08-23 20:03:11', '2018-08-23 20:03:11', 0, 0),
(76, 12, 'Rocking Chair', 'rocking-chair', 'For reading book and newspaper in outdoor environment try to not miss this hand made Rocking Chair.', 5800, '05789fc024a5fcbbcf674a626d41df35.jpg', 1, 1, 0, '2018-08-23 20:05:56', '2018-08-23 20:05:56', 0, 0);

-- --------------------------------------------------------

--
-- Table structure for table `productes_modifiers`
--

CREATE TABLE `productes_modifiers` (
  `id` bigint(20) UNSIGNED NOT NULL,
  `product_id` bigint(20) UNSIGNED NOT NULL,
  `name` varchar(255) NOT NULL,
  `minimum` tinyint(4) NOT NULL DEFAULT '1',
  `maximum` tinyint(4) NOT NULL DEFAULT '1',
  `deleted` tinyint(4) NOT NULL DEFAULT '0',
  `created_at` datetime NOT NULL,
  `updated_at` datetime NOT NULL
) ENGINE=InnoDB DEFAULT CHARSET=latin1;

--
-- Dumping data for table `productes_modifiers`
--

INSERT INTO `productes_modifiers` (`id`, `product_id`, `name`, `minimum`, `maximum`, `deleted`, `created_at`, `updated_at`) VALUES
(1, 40, 'mr.turki', 1, 3, 0, '2018-04-11 06:09:51', '2018-04-11 06:11:39'),
(2, 40, 'mr.turki', 1, 1, 0, '2018-04-11 06:11:09', '2018-04-11 06:11:09');

-- --------------------------------------------------------

--
-- Table structure for table `productes_modifiers_items`
--

CREATE TABLE `productes_modifiers_items` (
  `id` bigint(20) UNSIGNED NOT NULL,
  `modifier_id` bigint(20) UNSIGNED NOT NULL,
  `name` varchar(255) NOT NULL,
  `price` double DEFAULT NULL,
  `deleted` tinyint(4) NOT NULL DEFAULT '0'
) ENGINE=InnoDB DEFAULT CHARSET=latin1;

--
-- Dumping data for table `productes_modifiers_items`
--

INSERT INTO `productes_modifiers_items` (`id`, `modifier_id`, `name`, `price`, `deleted`) VALUES
(1, 1, 'turki', 1, 1),
(2, 2, 'himdakshi ', 25, 0),
(3, 1, 'turki', 1, 0),
(4, 1, 'sarthak', 10, 0);

-- --------------------------------------------------------

--
-- Table structure for table `product_category`
--

CREATE TABLE `product_category` (
  `product_category_id` bigint(20) UNSIGNED NOT NULL,
  `name` varchar(100) COLLATE utf8_unicode_ci NOT NULL,
  `url_slug` varchar(200) COLLATE utf8_unicode_ci NOT NULL,
  `description` varchar(1000) COLLATE utf8_unicode_ci DEFAULT NULL,
  `image` varchar(100) COLLATE utf8_unicode_ci DEFAULT NULL,
  `status` tinyint(1) NOT NULL DEFAULT '1',
  `deleted` tinyint(1) NOT NULL DEFAULT '0',
  `date_created` datetime NOT NULL,
  `date_updated` datetime NOT NULL
) ENGINE=InnoDB DEFAULT CHARSET=utf8 COLLATE=utf8_unicode_ci;

--
-- Dumping data for table `product_category`
--

INSERT INTO `product_category` (`product_category_id`, `name`, `url_slug`, `description`, `image`, `status`, `deleted`, `date_created`, `date_updated`) VALUES
(1, 'Handmade', 'Handmade', 'what ever is made by hand', 'dessert.jpg', 1, 1, '2016-10-27 11:21:25', '2018-08-22 01:32:51'),
(2, 'Salads', 'salads', '', 'salads.jpg', 1, 1, '2018-02-26 00:00:00', '2018-02-26 00:00:00'),
(3, 'Snacks and Sweets', 'Snacks_and_Sweets', '', 'snack.jpg', 1, 1, '2018-02-26 00:00:00', '2018-02-26 00:00:00'),
(4, 'Pizza', 'pizza', '', 'pizza.jpg', 1, 1, '2018-02-26 00:00:00', '2018-02-26 00:00:00'),
(5, 'Meal Plans', 'meal_plans', '', 'meal.jpg', 1, 1, '2018-02-26 00:00:00', '2018-02-26 00:00:00'),
(6, 'farzad', 'farzad', '', 'adc5928d0406cc5d8046fb2452dd91a3.jpg', 0, 1, '2018-04-11 06:06:45', '2018-04-11 06:06:45'),
(7, 'Women Clothes', 'Women-Clothes', 'Designers in over twenty countries create and market bespoke accessories woven by the delicate, skilled hands of over 100 women in Central India. Their products are unique. Many yarns are handspun from organic cottons, dyed with 100% natural dyes and loomed with the utmost care and attention.', 'c3f87ba3bcae695cb3d86797bade39f3.jpg', 1, 0, '2018-08-23 18:04:01', '2018-08-24 00:17:31'),
(8, 'Home Decor', 'Home-Decor', 'If you’ve an undeniable passion for interior decorations, our curated collection of naturally produced and handcrafted home décor is sure to please. Order online from a variety of home decor products to spruce up your home in style – from the living room to your kitchen and dining and even your garden & outdoor space. If your home is frequented by guests – buy from our coasters, serving trays, table mats and cushion covers, hand-designed to look like works of art. Or if you love highlighting your space with interesting add-ons, purchase from our quirky, classy and handcrafted – decorative skulls, unique wall décor, clocks, bottle art and even artifacts. Order now from Qtrove a splendid home decor range to give your house the perfect makeover!', '1760909ac3de1cadf819522c2f6a70e7.jpg', 1, 0, '2018-08-23 18:46:28', '2018-08-23 20:18:54'),
(9, 'Fashion', 'Fashion', 'Men and Women', 'fa6f5204ee78f4ffd0753603dc24e8d7.jpg', 1, 0, '2018-08-23 19:05:38', '2018-08-23 19:05:38'),
(10, 'Snacks', 'Snacks', 'Sweet and slaty', '5989eac805a77c8cad6caa73d0379c64.png', 1, 0, '2018-08-23 19:15:22', '2018-08-23 19:15:55'),
(11, 'Gift', 'Gift', 'Festivals are all about family, friends, colleagues and lots of happiness. It is the start of a new year where there is positivity in the air. The aura of gifting each other goodies remains one of the prominent rituals during any festival. It is a joyous moment when your gift brings happiness to your dear ones. However, it is even better when your gifts are handmade from the under privileged, in-turn giving yourself an immeasurable satisfaction from your heart of gifting something as well as helping a needy person.', '0d81a879718d937121e8bfdff05dc792.jpg', 1, 0, '2018-08-23 19:40:06', '2018-08-23 20:18:22'),
(12, 'Furniture', 'Furniture', 'Handmade furniture is tangible, sensual, and personal. The carefully crafted piece of furniture is embedded with a personal energy that no piece from Ikea or a department store can ever replicate. The world of interior design is cluttered by poorly made and mass produced reproduction furniture.', '23ec8ccfddbd76535d5077f9ef38dc04.jpg', 1, 0, '2018-08-23 19:51:07', '2018-08-23 20:16:47');

--
-- Triggers `product_category`
--
DELIMITER $$
CREATE TRIGGER `delete_product_category` AFTER UPDATE ON `product_category` FOR EACH ROW BEGIN
IF NEW.deleted=1 THEN
BEGIN
        UPDATE product set product.deleted=1 WHERE product.product_category_id = OLD.product_category_id;
        END; END IF;
    END
$$
DELIMITER ;

-- --------------------------------------------------------

--
-- Table structure for table `product_sizes`
--

CREATE TABLE `product_sizes` (
  `id` int(11) NOT NULL,
  `size_id` int(11) NOT NULL,
  `product_id` bigint(20) UNSIGNED NOT NULL,
  `price` double NOT NULL
) ENGINE=InnoDB DEFAULT CHARSET=latin1;

--
-- Dumping data for table `product_sizes`
--

INSERT INTO `product_sizes` (`id`, `size_id`, `product_id`, `price`) VALUES
(1, 1, 1, 15),
(2, 3, 1, 50),
(3, 2, 1, 30),
(4, 4, 1, 15),
(5, 1, 40, 90),
(6, 2, 40, 130);

-- --------------------------------------------------------

--
-- Table structure for table `reservations`
--

CREATE TABLE `reservations` (
  `id` bigint(20) NOT NULL,
  `name` varchar(255) NOT NULL,
  `email` varchar(255) NOT NULL,
  `mobile` varchar(255) NOT NULL,
  `booking_date` date NOT NULL,
  `booking_time` time NOT NULL,
  `party_size` mediumint(9) NOT NULL,
  `extra_notes` varchar(500) NOT NULL,
  `status` tinyint(1) NOT NULL DEFAULT '1',
  `deleted` tinyint(1) NOT NULL DEFAULT '0',
  `date_created` datetime NOT NULL,
  `date_updated` datetime NOT NULL
) ENGINE=InnoDB DEFAULT CHARSET=utf8;

--
-- Dumping data for table `reservations`
--

INSERT INTO `reservations` (`id`, `name`, `email`, `mobile`, `booking_date`, `booking_time`, `party_size`, `extra_notes`, `status`, `deleted`, `date_created`, `date_updated`) VALUES
(1, 'Ahmad Farzad', 'aftab.soft@yahoo.com', '9916510305', '0000-00-00', '10:30:00', 1, 'Please Reserve it for me', 1, 0, '2018-04-10 15:34:00', '2018-04-10 15:34:00');

-- --------------------------------------------------------

--
-- Table structure for table `reviews`
--

CREATE TABLE `reviews` (
  `id` bigint(20) UNSIGNED NOT NULL,
  `customer_id` bigint(20) UNSIGNED NOT NULL,
  `order_id` bigint(20) UNSIGNED NOT NULL,
  `rating_value` enum('1','2','3','4','5') NOT NULL,
  `comments` varchar(500) NOT NULL,
  `status` tinyint(1) NOT NULL DEFAULT '1',
  `deleted` tinyint(1) NOT NULL DEFAULT '0',
  `date_created` datetime NOT NULL,
  `date_updated` datetime NOT NULL
) ENGINE=InnoDB DEFAULT CHARSET=utf8;

-- --------------------------------------------------------

--
-- Table structure for table `sizes`
--

CREATE TABLE `sizes` (
  `id` int(11) NOT NULL,
  `sizes` varchar(100) NOT NULL
) ENGINE=InnoDB DEFAULT CHARSET=utf8;

--
-- Dumping data for table `sizes`
--

INSERT INTO `sizes` (`id`, `sizes`) VALUES
(1, 'small'),
(2, 'medium'),
(3, 'large'),
(4, 'default');

-- --------------------------------------------------------

--
-- Table structure for table `sms_queue`
--

CREATE TABLE `sms_queue` (
  `id` bigint(20) UNSIGNED NOT NULL,
  `from_number` varchar(255) DEFAULT NULL,
  `to_number` varchar(255) NOT NULL,
  `body` varchar(255) NOT NULL,
  `created_at` datetime NOT NULL,
  `status` tinyint(1) NOT NULL DEFAULT '0' COMMENT '1 - Sent ',
  `failed` tinyint(1) NOT NULL DEFAULT '0'
) ENGINE=InnoDB DEFAULT CHARSET=latin1;

-- --------------------------------------------------------

--
-- Table structure for table `store_hour`
--

CREATE TABLE `store_hour` (
  `id` int(11) NOT NULL,
  `day` int(11) NOT NULL,
  `open_hour` varchar(10) NOT NULL,
  `close_hour` varchar(10) NOT NULL,
  `status` tinyint(1) NOT NULL COMMENT '1 - Open, 0 - Close',
  `ordering` tinyint(1) NOT NULL
) ENGINE=InnoDB DEFAULT CHARSET=utf8;

--
-- Dumping data for table `store_hour`
--

INSERT INTO `store_hour` (`id`, `day`, `open_hour`, `close_hour`, `status`, `ordering`) VALUES
(1, 1, '12:00', '23:00', 1, 1),
(2, 2, '01:00', '23:00', 1, 2),
(3, 3, '06:01', '21:00', 1, 3),
(4, 4, '11:05', '22:10', 1, 4),
(5, 5, '11:10', '23:10', 0, 5),
(6, 6, '11:15', '23:50', 1, 6),
(7, 7, '11:05', '23:00', 1, 7);

-- --------------------------------------------------------

--
-- Table structure for table `store_settings`
--

CREATE TABLE `store_settings` (
  `id` bigint(20) UNSIGNED NOT NULL,
  `settings_key` varchar(255) DEFAULT NULL,
  `settings_value` varchar(1000) DEFAULT NULL
) ENGINE=InnoDB DEFAULT CHARSET=utf8;

--
-- Dumping data for table `store_settings`
--

INSERT INTO `store_settings` (`id`, `settings_key`, `settings_value`) VALUES
(1, 'store_name', 'NGO MARKET'),
(3, 'store_favicon', 'BreakingBread.ico'),
(4, 'store_address', NULL),
(5, 'store_phone', NULL),
(6, 'store_email', 'aftab.soft.ltd@gmail.com'),
(7, 'store_fax', '4566'),
(8, 'timezone', 'Asia/Calcutta'),
(9, 'contact_person', 'Mahdi Mahdawi'),
(10, 'contact_email', 'mj.mahdawi@gmail.com'),
(11, 'contact_number', '+918971843434'),
(12, 'contact_address', 'NGO Market\r\nBengaluru\r\nIndia'),
(27, 'maintenance_mode', '0'),
(28, 'google_analytics', ''),
(29, 'url_facebook', 'https://www.facebook.com'),
(30, 'url_twitter', 'https://twitter.com/'),
(31, 'url_youtube', 'https://www.youtube.com/'),
(32, 'url_googleplus', 'https://plus.google.com/'),
(33, 'url_instagram', ''),
(34, 'url_pinterest', ''),
(41, 'payment_cashon_delivery', NULL),
(42, 'payment_paypal_status', NULL),
(43, 'payment_stripe_status', NULL),
(44, 'payment_visa_status', NULL),
(46, 'store_currency', 'INR'),
(47, 'store_language', 'english'),
(48, 'currency_code_position', 'left'),
(49, 'decimal_places', '2'),
(50, 'use_thousand_seperators', '1'),
(51, 'thousand_seperators', 'Comma'),
(52, 'decimal_separators', 'Dot'),
(59, 'Sender_ID', NULL),
(60, 'Account_SID', NULL),
(61, 'Order_Notify_Mobile_Number', NULL),
(62, 'cash_on_delivery_status', '1'),
(63, 'stripe_payment_status', '1'),
(64, 'stripe_secret_key', ''),
(65, 'stripe_publishable_key', ''),
(66, 'paypal_payment_status', '1'),
(67, 'visa_payment_status', '1'),
(68, 'credit_card_status', '1'),
(87, 'admin_from_email', 'aftab.soft@yahoo.com'),
(88, 'admin_from_name', 'Breaking Bread'),
(89, 'smtp_host', 'smtp.mail.yahoo.com'),
(90, 'smtp_port', '465'),
(91, 'smtp_username', 'aftab.soft@yahoo.com'),
(92, 'smtp_password', '786AmTrB786'),
(93, 'minimum_order', '50'),
(94, 'tax', '2.5'),
(96, 'delivery_distance', '10'),
(97, 'delivery_charge', '0'),
(98, 'store_banner', '9766811cb723e0aec1a43eace606558a.jpg'),
(99, 'currency_symbol', '₹'),
(100, 'menu_layout', '3'),
(101, 'theme_color', '#696969'),
(102, 'accept_cash', '1'),
(103, 'checkout_type_delivery', '1'),
(104, 'checkout_type_carryout', '1'),
(105, 'checkout_type_dinein', '1'),
(106, 'allow_preorder', '0'),
(108, 'footer_text', '© 2018 NGOMARKET, Inc'),
(109, 'zopim_chat', ''),
(110, 'twilio_account_id', 'AC7e9472aa1f686bc8ccbc5cd8acfb93cf'),
(111, 'twilio_auth_token', '2c9f7d82504de9e93c6e3a54568150d4'),
(112, 'twilio_from_number', '+17206056601'),
(113, 'nexmo_api_key', NULL),
(114, 'nexmo_api_secret', NULL),
(115, 'nexmo_from_number', NULL),
(116, 'clickatell_username', NULL),
(117, 'clickatell_password', NULL),
(118, 'clickatell_api_key', NULL),
(119, 'clickatell_from_number', NULL),
(120, 'sms_gateway', 'twilio'),
(126, 'sms_template_order_placed_to_admin', 'Dear {first_name} {last_name},\r\nNew order received, #{order_reference}'),
(127, 'sms_template_order_placed_to_customer', 'Thanks for your order.  #{order_reference}'),
(128, 'sms_template_order_confirmed_to_customer', 'Your recent order #{order_reference}  has been confirmed.'),
(129, 'sms_template_order_cancelled_to_customer', 'Your recent order #{order_reference}  has been cancelled.'),
(130, 'sms_template_order_delivered_to_customer', 'Your recent order #{order_reference}  has been delivered to {address_line_1}, {address_line_2}.'),
(131, 'sms_status_order_placed_to_customer', '1'),
(132, 'sms_status_order_placed_to_admin', '1'),
(133, 'sms_status_order_confirmed_to_customer', '1'),
(134, 'sms_status_order_cancelled_to_customer', '1'),
(135, 'sms_status_order_delivered_to_customer', '1'),
(136, 'facebook_comments_plugin', ''),
(137, 'braintree_payment_status', NULL),
(138, 'braintree_environment', NULL),
(139, 'braintree_merchant_id', NULL),
(140, 'braintree_public_key', NULL),
(141, 'braintree_private_key', NULL);

-- --------------------------------------------------------

--
-- Table structure for table `user`
--

CREATE TABLE `user` (
  `id` bigint(20) UNSIGNED NOT NULL,
  `first_name` varchar(50) CHARACTER SET utf8 COLLATE utf8_unicode_ci DEFAULT NULL,
  `last_name` varchar(50) CHARACTER SET utf8 COLLATE utf8_unicode_ci DEFAULT NULL,
  `email` varchar(100) CHARACTER SET utf8 COLLATE utf8_unicode_ci NOT NULL,
  `password` varchar(255) CHARACTER SET utf8 COLLATE utf8_unicode_ci NOT NULL,
  `phone` varchar(20) CHARACTER SET utf8 COLLATE utf8_unicode_ci DEFAULT NULL,
  `user_language` varchar(10) CHARACTER SET utf8 COLLATE utf8_unicode_ci NOT NULL DEFAULT 'en',
  `activation_code` varchar(40) CHARACTER SET utf8 COLLATE utf8_unicode_ci DEFAULT NULL,
  `remember_code` varchar(40) CHARACTER SET utf8 COLLATE utf8_unicode_ci DEFAULT NULL,
  `forgotten_password_code` varchar(40) CHARACTER SET utf8 COLLATE utf8_unicode_ci DEFAULT NULL,
  `forgotten_password_time` datetime DEFAULT NULL,
  `last_login` datetime DEFAULT NULL,
  `status` tinyint(1) NOT NULL DEFAULT '1',
  `deleted` tinyint(1) NOT NULL DEFAULT '0',
  `date_created` datetime NOT NULL,
  `date_updated` datetime NOT NULL
) ENGINE=InnoDB DEFAULT CHARSET=utf8;

--
-- Dumping data for table `user`
--

INSERT INTO `user` (`id`, `first_name`, `last_name`, `email`, `password`, `phone`, `user_language`, `activation_code`, `remember_code`, `forgotten_password_code`, `forgotten_password_time`, `last_login`, `status`, `deleted`, `date_created`, `date_updated`) VALUES
(1, 'Admin', '', 'admin@admin.com', '$2a$08$ahotXU9qWIQhn.dSTVAneu8X25Y.ArTYBck9TpDUQZ8LYwsU9j7CG', NULL, 'en', NULL, NULL, NULL, NULL, '2018-08-24 09:07:56', 1, 0, '2015-09-18 00:00:00', '2015-09-18 00:00:00'),
(2, 'Ahmad Farzad', 'Amiri', 'ahmad@amiri.com', '$2a$08$/LTy2NiaBiDP6IF2m1JVZOypz9DrLKqDCVxbH5sAdlxcY5jbspVpW', '+919916510305', 'english', NULL, NULL, NULL, NULL, '2018-09-18 20:34:30', 1, 0, '2018-04-10 15:44:00', '2018-04-10 15:44:00');

-- --------------------------------------------------------

--
-- Table structure for table `users_access`
--

CREATE TABLE `users_access` (
  `user_access_id` bigint(20) UNSIGNED NOT NULL,
  `user_id` bigint(20) UNSIGNED NOT NULL,
  `module_id` bigint(20) NOT NULL,
  `access_id` bigint(20) NOT NULL,
  `status` tinyint(1) NOT NULL DEFAULT '1'
) ENGINE=InnoDB DEFAULT CHARSET=utf8 COLLATE=utf8_unicode_ci;

-- --------------------------------------------------------

--
-- Table structure for table `users_groups`
--

CREATE TABLE `users_groups` (
  `id` bigint(20) UNSIGNED NOT NULL,
  `user_id` bigint(20) UNSIGNED NOT NULL,
  `group_id` mediumint(8) UNSIGNED NOT NULL
) ENGINE=InnoDB DEFAULT CHARSET=utf8;

--
-- Dumping data for table `users_groups`
--

INSERT INTO `users_groups` (`id`, `user_id`, `group_id`) VALUES
(1, 1, 1),
(2, 2, 1);

--
-- Indexes for dumped tables
--

--
-- Indexes for table `blog`
--
ALTER TABLE `blog`
  ADD PRIMARY KEY (`blog_id`);

--
-- Indexes for table `cms_menu`
--
ALTER TABLE `cms_menu`
  ADD PRIMARY KEY (`menu_id`);

--
-- Indexes for table `cms_page`
--
ALTER TABLE `cms_page`
  ADD PRIMARY KEY (`page_id`);

--
-- Indexes for table `coupons`
--
ALTER TABLE `coupons`
  ADD PRIMARY KEY (`id`);

--
-- Indexes for table `currency`
--
ALTER TABLE `currency`
  ADD PRIMARY KEY (`currency_id`),
  ADD UNIQUE KEY `idx_name` (`code`,`name`,`symbol`);

--
-- Indexes for table `customers`
--
ALTER TABLE `customers`
  ADD PRIMARY KEY (`customer_id`);

--
-- Indexes for table `customers_guest`
--
ALTER TABLE `customers_guest`
  ADD PRIMARY KEY (`id`,`customer_id`);

--
-- Indexes for table `customers_registered`
--
ALTER TABLE `customers_registered`
  ADD PRIMARY KEY (`id`),
  ADD KEY `customer_id` (`customer_id`);

--
-- Indexes for table `faqs`
--
ALTER TABLE `faqs`
  ADD PRIMARY KEY (`id`);

--
-- Indexes for table `groups`
--
ALTER TABLE `groups`
  ADD PRIMARY KEY (`id`);

--
-- Indexes for table `group_access`
--
ALTER TABLE `group_access`
  ADD PRIMARY KEY (`group_access_id`),
  ADD KEY `fk_group` (`group_id`),
  ADD KEY `fk_module` (`module_id`),
  ADD KEY `fk_access` (`access_id`);

--
-- Indexes for table `language`
--
ALTER TABLE `language`
  ADD PRIMARY KEY (`language_id`);

--
-- Indexes for table `modules`
--
ALTER TABLE `modules`
  ADD PRIMARY KEY (`module_id`),
  ADD KEY `fk_parent` (`parent_id`);

--
-- Indexes for table `module_access`
--
ALTER TABLE `module_access`
  ADD PRIMARY KEY (`access_id`),
  ADD KEY `fk_module_id` (`module_id`);

--
-- Indexes for table `ms_product_type`
--
ALTER TABLE `ms_product_type`
  ADD PRIMARY KEY (`ms_product_type_id`);

--
-- Indexes for table `order`
--
ALTER TABLE `order`
  ADD PRIMARY KEY (`order_id`),
  ADD KEY `order_id` (`order_id`),
  ADD KEY `customer_id` (`customer_id`),
  ADD KEY `address_id` (`address_id`),
  ADD KEY `order_id_2` (`order_id`);

--
-- Indexes for table `orders_items_modifiers`
--
ALTER TABLE `orders_items_modifiers`
  ADD PRIMARY KEY (`id`),
  ADD KEY `order_item_id` (`order_item_id`),
  ADD KEY `item_id` (`item_id`),
  ADD KEY `modifier_id` (`modifier_id`);

--
-- Indexes for table `order_address`
--
ALTER TABLE `order_address`
  ADD PRIMARY KEY (`address_id`),
  ADD KEY `address_id` (`address_id`);

--
-- Indexes for table `order_items`
--
ALTER TABLE `order_items`
  ADD PRIMARY KEY (`order_item_id`),
  ADD KEY `order_item_id` (`order_item_id`),
  ADD KEY `order_id` (`order_id`);

--
-- Indexes for table `order_item_size`
--
ALTER TABLE `order_item_size`
  ADD PRIMARY KEY (`id`),
  ADD KEY `size_id` (`size_id`),
  ADD KEY `order_item_id` (`order_item_id`);

--
-- Indexes for table `payment_tokens`
--
ALTER TABLE `payment_tokens`
  ADD PRIMARY KEY (`id`);

--
-- Indexes for table `product`
--
ALTER TABLE `product`
  ADD PRIMARY KEY (`product_id`),
  ADD KEY `fk_product_category_id` (`product_category_id`);

--
-- Indexes for table `productes_modifiers`
--
ALTER TABLE `productes_modifiers`
  ADD PRIMARY KEY (`id`),
  ADD KEY `product_id` (`product_id`);

--
-- Indexes for table `productes_modifiers_items`
--
ALTER TABLE `productes_modifiers_items`
  ADD PRIMARY KEY (`id`),
  ADD KEY `modifier_id` (`modifier_id`);

--
-- Indexes for table `product_category`
--
ALTER TABLE `product_category`
  ADD PRIMARY KEY (`product_category_id`);

--
-- Indexes for table `product_sizes`
--
ALTER TABLE `product_sizes`
  ADD PRIMARY KEY (`id`),
  ADD KEY `size_id` (`size_id`),
  ADD KEY `product_id` (`product_id`);

--
-- Indexes for table `reservations`
--
ALTER TABLE `reservations`
  ADD PRIMARY KEY (`id`);

--
-- Indexes for table `reviews`
--
ALTER TABLE `reviews`
  ADD PRIMARY KEY (`id`),
  ADD KEY `customer_id` (`customer_id`),
  ADD KEY `order_id` (`order_id`);

--
-- Indexes for table `sizes`
--
ALTER TABLE `sizes`
  ADD PRIMARY KEY (`id`);

--
-- Indexes for table `sms_queue`
--
ALTER TABLE `sms_queue`
  ADD PRIMARY KEY (`id`);

--
-- Indexes for table `store_hour`
--
ALTER TABLE `store_hour`
  ADD PRIMARY KEY (`id`);

--
-- Indexes for table `store_settings`
--
ALTER TABLE `store_settings`
  ADD PRIMARY KEY (`id`);

--
-- Indexes for table `user`
--
ALTER TABLE `user`
  ADD PRIMARY KEY (`id`);

--
-- Indexes for table `users_access`
--
ALTER TABLE `users_access`
  ADD PRIMARY KEY (`user_access_id`),
  ADD KEY `fk_module_id` (`module_id`),
  ADD KEY `fk_user_id` (`user_id`),
  ADD KEY `fk_access` (`access_id`);

--
-- Indexes for table `users_groups`
--
ALTER TABLE `users_groups`
  ADD PRIMARY KEY (`id`),
  ADD UNIQUE KEY `uc_users_groups` (`user_id`,`group_id`),
  ADD KEY `fk_users_groups_users1_idx` (`user_id`),
  ADD KEY `fk_users_groups_groups1_idx` (`group_id`);

--
-- AUTO_INCREMENT for dumped tables
--

--
-- AUTO_INCREMENT for table `blog`
--
ALTER TABLE `blog`
  MODIFY `blog_id` bigint(20) UNSIGNED NOT NULL AUTO_INCREMENT;

--
-- AUTO_INCREMENT for table `cms_menu`
--
ALTER TABLE `cms_menu`
  MODIFY `menu_id` bigint(20) UNSIGNED NOT NULL AUTO_INCREMENT, AUTO_INCREMENT=34;

--
-- AUTO_INCREMENT for table `cms_page`
--
ALTER TABLE `cms_page`
  MODIFY `page_id` bigint(20) UNSIGNED NOT NULL AUTO_INCREMENT, AUTO_INCREMENT=28;

--
-- AUTO_INCREMENT for table `coupons`
--
ALTER TABLE `coupons`
  MODIFY `id` int(11) NOT NULL AUTO_INCREMENT, AUTO_INCREMENT=2;

--
-- AUTO_INCREMENT for table `currency`
--
ALTER TABLE `currency`
  MODIFY `currency_id` int(3) UNSIGNED NOT NULL AUTO_INCREMENT, AUTO_INCREMENT=240;

--
-- AUTO_INCREMENT for table `customers`
--
ALTER TABLE `customers`
  MODIFY `customer_id` bigint(20) UNSIGNED NOT NULL AUTO_INCREMENT, AUTO_INCREMENT=8;

--
-- AUTO_INCREMENT for table `customers_guest`
--
ALTER TABLE `customers_guest`
  MODIFY `id` bigint(20) UNSIGNED NOT NULL AUTO_INCREMENT, AUTO_INCREMENT=2;

--
-- AUTO_INCREMENT for table `customers_registered`
--
ALTER TABLE `customers_registered`
  MODIFY `id` bigint(20) UNSIGNED NOT NULL AUTO_INCREMENT, AUTO_INCREMENT=7;

--
-- AUTO_INCREMENT for table `faqs`
--
ALTER TABLE `faqs`
  MODIFY `id` bigint(20) UNSIGNED NOT NULL AUTO_INCREMENT;

--
-- AUTO_INCREMENT for table `groups`
--
ALTER TABLE `groups`
  MODIFY `id` mediumint(8) UNSIGNED NOT NULL AUTO_INCREMENT, AUTO_INCREMENT=2;

--
-- AUTO_INCREMENT for table `group_access`
--
ALTER TABLE `group_access`
  MODIFY `group_access_id` bigint(20) UNSIGNED NOT NULL AUTO_INCREMENT, AUTO_INCREMENT=79;

--
-- AUTO_INCREMENT for table `language`
--
ALTER TABLE `language`
  MODIFY `language_id` int(11) NOT NULL AUTO_INCREMENT, AUTO_INCREMENT=8;

--
-- AUTO_INCREMENT for table `modules`
--
ALTER TABLE `modules`
  MODIFY `module_id` bigint(20) NOT NULL AUTO_INCREMENT, AUTO_INCREMENT=42;

--
-- AUTO_INCREMENT for table `module_access`
--
ALTER TABLE `module_access`
  MODIFY `access_id` bigint(20) NOT NULL AUTO_INCREMENT, AUTO_INCREMENT=77;

--
-- AUTO_INCREMENT for table `ms_product_type`
--
ALTER TABLE `ms_product_type`
  MODIFY `ms_product_type_id` bigint(20) UNSIGNED NOT NULL AUTO_INCREMENT, AUTO_INCREMENT=4;

--
-- AUTO_INCREMENT for table `order`
--
ALTER TABLE `order`
  MODIFY `order_id` bigint(20) UNSIGNED NOT NULL AUTO_INCREMENT, AUTO_INCREMENT=34;

--
-- AUTO_INCREMENT for table `orders_items_modifiers`
--
ALTER TABLE `orders_items_modifiers`
  MODIFY `id` bigint(20) UNSIGNED NOT NULL AUTO_INCREMENT, AUTO_INCREMENT=3;

--
-- AUTO_INCREMENT for table `order_address`
--
ALTER TABLE `order_address`
  MODIFY `address_id` bigint(20) UNSIGNED NOT NULL AUTO_INCREMENT, AUTO_INCREMENT=32;

--
-- AUTO_INCREMENT for table `order_items`
--
ALTER TABLE `order_items`
  MODIFY `order_item_id` bigint(20) UNSIGNED NOT NULL AUTO_INCREMENT, AUTO_INCREMENT=38;

--
-- AUTO_INCREMENT for table `order_item_size`
--
ALTER TABLE `order_item_size`
  MODIFY `id` int(11) NOT NULL AUTO_INCREMENT, AUTO_INCREMENT=10;

--
-- AUTO_INCREMENT for table `payment_tokens`
--
ALTER TABLE `payment_tokens`
  MODIFY `id` bigint(20) NOT NULL AUTO_INCREMENT, AUTO_INCREMENT=3;

--
-- AUTO_INCREMENT for table `product`
--
ALTER TABLE `product`
  MODIFY `product_id` bigint(20) UNSIGNED NOT NULL AUTO_INCREMENT, AUTO_INCREMENT=77;

--
-- AUTO_INCREMENT for table `productes_modifiers`
--
ALTER TABLE `productes_modifiers`
  MODIFY `id` bigint(20) UNSIGNED NOT NULL AUTO_INCREMENT, AUTO_INCREMENT=3;

--
-- AUTO_INCREMENT for table `productes_modifiers_items`
--
ALTER TABLE `productes_modifiers_items`
  MODIFY `id` bigint(20) UNSIGNED NOT NULL AUTO_INCREMENT, AUTO_INCREMENT=5;

--
-- AUTO_INCREMENT for table `product_category`
--
ALTER TABLE `product_category`
  MODIFY `product_category_id` bigint(20) UNSIGNED NOT NULL AUTO_INCREMENT, AUTO_INCREMENT=13;

--
-- AUTO_INCREMENT for table `product_sizes`
--
ALTER TABLE `product_sizes`
  MODIFY `id` int(11) NOT NULL AUTO_INCREMENT, AUTO_INCREMENT=7;

--
-- AUTO_INCREMENT for table `reservations`
--
ALTER TABLE `reservations`
  MODIFY `id` bigint(20) NOT NULL AUTO_INCREMENT, AUTO_INCREMENT=2;

--
-- AUTO_INCREMENT for table `reviews`
--
ALTER TABLE `reviews`
  MODIFY `id` bigint(20) UNSIGNED NOT NULL AUTO_INCREMENT;

--
-- AUTO_INCREMENT for table `sizes`
--
ALTER TABLE `sizes`
  MODIFY `id` int(11) NOT NULL AUTO_INCREMENT, AUTO_INCREMENT=5;

--
-- AUTO_INCREMENT for table `sms_queue`
--
ALTER TABLE `sms_queue`
  MODIFY `id` bigint(20) UNSIGNED NOT NULL AUTO_INCREMENT;

--
-- AUTO_INCREMENT for table `store_hour`
--
ALTER TABLE `store_hour`
  MODIFY `id` int(11) NOT NULL AUTO_INCREMENT, AUTO_INCREMENT=8;

--
-- AUTO_INCREMENT for table `store_settings`
--
ALTER TABLE `store_settings`
  MODIFY `id` bigint(20) UNSIGNED NOT NULL AUTO_INCREMENT, AUTO_INCREMENT=142;

--
-- AUTO_INCREMENT for table `user`
--
ALTER TABLE `user`
  MODIFY `id` bigint(20) UNSIGNED NOT NULL AUTO_INCREMENT, AUTO_INCREMENT=3;

--
-- AUTO_INCREMENT for table `users_access`
--
ALTER TABLE `users_access`
  MODIFY `user_access_id` bigint(20) UNSIGNED NOT NULL AUTO_INCREMENT;

--
-- AUTO_INCREMENT for table `users_groups`
--
ALTER TABLE `users_groups`
  MODIFY `id` bigint(20) UNSIGNED NOT NULL AUTO_INCREMENT, AUTO_INCREMENT=3;

--
-- Constraints for dumped tables
--

--
-- Constraints for table `customers_registered`
--
ALTER TABLE `customers_registered`
  ADD CONSTRAINT `customers_registered_ibfk_1` FOREIGN KEY (`customer_id`) REFERENCES `customers` (`customer_id`) ON DELETE NO ACTION ON UPDATE NO ACTION;

--
-- Constraints for table `orders_items_modifiers`
--
ALTER TABLE `orders_items_modifiers`
  ADD CONSTRAINT `order_items_modifiers_fk1` FOREIGN KEY (`order_item_id`) REFERENCES `order_items` (`order_item_id`),
  ADD CONSTRAINT `order_items_modifiers_fk2` FOREIGN KEY (`modifier_id`) REFERENCES `productes_modifiers` (`id`),
  ADD CONSTRAINT `order_items_modifiers_fk3` FOREIGN KEY (`item_id`) REFERENCES `productes_modifiers_items` (`id`);

--
-- Constraints for table `order_item_size`
--
ALTER TABLE `order_item_size`
  ADD CONSTRAINT `order_different_sizes_fk1` FOREIGN KEY (`order_item_id`) REFERENCES `order_items` (`order_item_id`),
  ADD CONSTRAINT `order_different_sizes_fk2` FOREIGN KEY (`size_id`) REFERENCES `sizes` (`id`);

--
-- Constraints for table `productes_modifiers`
--
ALTER TABLE `productes_modifiers`
  ADD CONSTRAINT `productes_modifiers_ibfk_1` FOREIGN KEY (`product_id`) REFERENCES `product` (`product_id`) ON DELETE NO ACTION ON UPDATE NO ACTION;

--
-- Constraints for table `productes_modifiers_items`
--
ALTER TABLE `productes_modifiers_items`
  ADD CONSTRAINT `productes_modifiers_items_ibfk_1` FOREIGN KEY (`modifier_id`) REFERENCES `productes_modifiers` (`id`) ON DELETE CASCADE ON UPDATE NO ACTION;

--
-- Constraints for table `product_sizes`
--
ALTER TABLE `product_sizes`
  ADD CONSTRAINT `menu_sizes_fk1` FOREIGN KEY (`size_id`) REFERENCES `sizes` (`id`),
  ADD CONSTRAINT `menu_sizes_fk2` FOREIGN KEY (`product_id`) REFERENCES `product` (`product_id`);
